
 FREE Sign Up 
 
 Search Jobs 
 Career Tips 
 E-Card 
 Benefits 
 Trainings 
  Employer  
 Log In 
  FREE Sign Up  
 
 Search 
 
 Home 
 Job Search 
 Jobs by Industry 
 Insurance 
 Financial Advisor Consultant 
 
 
 Financial Advisor/Consultant 
  Pru Life UK - Alexandrite 2 (Team Lucelle)  
 This is a Workbank verified company 
 Competitive income, open to part-time and full time 
 30 Vacancies 
 Expires on 15 Feb 
 
  Pru Life UK - Alexandrite 2 (Team Lucelle)  
 Work from Home 
 This is a Workbank verified company 
 Report this job 
 Apply __Save 
 
 Job Description 
 Preferred Candidate 
 
 Job Description 
 We are looking for passionate and driven individuals who want to make a difference through this very meaningful and rewarding career. Financial advisors are responsible to provide the best financial advice to clients and prospects. 
 
 
 Job Function / Expertise / Department 
 
 
 All Insurance Jobs 
 
 
 Industry 
 
 
 Insurance 
 
 
 Years of Work Experience 
 
 
 Less than 1 Year 
 
 
 Position Level 
 
 
 Entry Level / Starter  , Junior Level 
 
 
 Job Type 
 
 
 Full Time 
 
 
 Work Hours 
 
 
 Flexible schedule 
 
 
 Educational Attainment 
 
 
 Bachelor’s Degree 
 
 
 Preferred field of Study 
 
 
 Graduates and fresh graduates from any field are welcome to apply. 
 Employee benefits 
 Flexible Work Hours 
 Work from Home 
 HMO Coverage 
 Life Insurance 
 Non-guaranteed Bonus 
 Others - Quarterly Bonus, Monthly Incentives, All expense paid travels, Career Growth, Faster Promotion Process 
 
 Preferred Candidate 
 Interpersonal / Soft Skills 
 people person 
 Team Player 
 Technical / Hard Skills 
 Microsoft Office Applications (<1 Years)  
 Tools 
 Microsoft Word 
 Microsoft Excel 
 
 Company Overview 
 Established in 1996, PRU Life UK is a subsidiary of British financial services giant Prudential plc. Pru Life UK is the pioneer and current market leader of unit-linked or investment-linked life insurance products and is one of the first life insurance companies approved to market US dollar-denominated unit-linked policies in the country. We take the risk out of people's lives. We are the trusted leaders who listen and respond to the financial needs of the Filipino people. We are the People that DO. Listening. Understanding. Delivering. 
 Office Address: 
 19/F Tower 6789, 6789 Ayala Ave.,, Makati, 1209 Metro Manila-National Capital Region 
 Apply 
 Similar Jobs from this company 
 __ 
 No Records found! 
 Please click  here  to explore more jobs 
 Answer to Apply 
 × 
 SubmitCancel 
 Tell us why you're reporting this 
 × 
 It looks like a scam 
 It’s a spammy job ad 
 I find it offensive and discriminatory 
 There’s something wrong with the job ad 
 Others 
 Description 
 0 of 2000 characters 
 Please fill out the report form completely.CancelSubmit 
 Your report has been sent 
 × 
 Thank you for your feedback. Our Team will be looking closely into this matter. 
 Application confirmation 
 × 
 This job opening requires that you at least meet the below criteria: 
 Your Workbank profile shows that you do not meet those. If you forgot to  update your profile , please do it now before applying. 
 If you wish to continue with your application, press the “Continue” button 
 ContinueCancel 
 Verify your Email Address 
 × 
 Allow Recruiters to contact you easily by verifying your email address. 
 Email VerificationVerify Now 
 Mobile Number VerificationVerify Now 
 Reach at least 70% Profile Completion Complete your profile now 
 Continue Applying Anyway 
 __ 
 A verification link has been sent to your registered email. 
 Resend verification link. 
 Type the One-Time Password(OTP) code sent to  to complete the verification process. 
 You have 2 minutes to input your OTP 
 OTP CodeError message here. 
 Submit OTP 
 If you did not receive your OTP or it has expired, 
Click here to generate a new OTP. 
 Your mobile number has been verified, Juan! 
 You can now apply to the job you aspire for, or experience #JobHuntingWithBenefits by completing your profile today. 
 Continue Applying Complete your Profile 
 Disclaimer 
 × 
 By clicking continue, you will be redirected to  Pru Life UK - Alexandrite 2 (Team Lucelle)'s  site to resume your application. All updates to your application status from hereon will be c/o Pru Life UK - Alexandrite 2 (Team Lucelle) Team. 
 Click cancel, if you do not wish to proceed 
 CancelContinue 
 × 
 
 
 
 
 
 
 
 Find Jobs 
 
 Jobs for Fresh Graduates 
 Jobs by Company 
 Jobs by Industry 
 Jobs during Pandemic 
 Work by Job Function 
 Jobs by Location 
 BPO, BPM and Call Centre Jobs 
 Work from home Jobs 
 Jobs from PEZA-registered Companies 
 
 Candidate 
 
 E-Card Benefits 
 Job Application Benefits 
 Trainings and Seminars 
 Career and Job Hunting Tips 
 
 Employer 
 
 Employer Homepage 
 Pricing & Packages 
 Post a Job Ad 
 Request a Demo 
 
 About 
 
 The Company 
 Our Partners 
 Contact Us 
 Sitemap 
 
 Follow Workbank 
 
 
 
 
 
 
 
 
 
 
 
 
 
 
 
 
 
 Terms of Use 
 
 
 Privacy Notice 
 
 
 Cookie Policy 
 
 
 (C) 2020 Workbank Inc. All rights reserved. 
 × 
 Sign up for free to Apply 
 Create an Account Now  
 Already have an account? 
 Log In to Apply 
 Input a valid email. 
 Type a valid password. 
 Keep me signed in 
 Forgot Password? 
 Log In 
 Or log in with 
 Google 
 Facebook 
 LinkedIn 
 Reset Password 
 
 Enter your email address below and we will send you a reset password link. 
 Sign in Reset 
 Don't have an account?  Register  here! 
 Still haven't found the career you aspire for? 
 × 
 Fill out your preferences for better job matching 
 PhilippinesNational Capital Region-PhilippinesManila-National Capital Region-PhilippinesLas Piñas-National Capital Region-PhilippinesMakati-National Capital Region-PhilippinesMuntinlupa-National Capital Region-PhilippinesParañaque-National Capital Region-PhilippinesPasay-National Capital Region-PhilippinesPateros-National Capital Region-PhilippinesTaguig-National Capital Region-PhilippinesMandaluyong-National Capital Region-PhilippinesMarikina-National Capital Region-PhilippinesPasig-National Capital Region-PhilippinesSan Juan City-National Capital Region-PhilippinesQuezon City-National Capital Region-PhilippinesCaloocan-National Capital Region-PhilippinesMalabon-National Capital Region-PhilippinesNavotas-National Capital Region-PhilippinesValenzuela-National Capital Region-PhilippinesCordillera Administrative Region-PhilippinesBangued-Cordillera Administrative Region-PhilippinesBoliney-Cordillera Administrative Region-PhilippinesBucay-Cordillera Administrative Region-PhilippinesBucloc-Cordillera Administrative Region-PhilippinesDaguioman-Cordillera Administrative Region-PhilippinesDanglas-Cordillera Administrative Region-PhilippinesDolores, Abra-Cordillera Administrative Region-PhilippinesLa Paz, Abra-Cordillera Administrative Region-PhilippinesLacub-Cordillera Administrative Region-PhilippinesLagangilang-Cordillera Administrative Region-PhilippinesLagayan-Cordillera Administrative Region-PhilippinesLangiden-Cordillera Administrative Region-PhilippinesLicuan-Baay-Cordillera Administrative Region-PhilippinesLuba-Cordillera Administrative Region-PhilippinesMalibcong-Cordillera Administrative Region-PhilippinesManabo-Cordillera Administrative Region-PhilippinesPeñarrubia-Cordillera Administrative Region-PhilippinesPidigan-Cordillera Administrative Region-PhilippinesPilar, Abra-Cordillera Administrative Region-PhilippinesSallapadan-Cordillera Administrative Region-PhilippinesSan Isidro, Abra-Cordillera Administrative Region-PhilippinesSan Juan-Cordillera Administrative Region-PhilippinesSan Quintin, Abra-Cordillera Administrative Region-PhilippinesTayum-Cordillera Administrative Region-PhilippinesTineg-Cordillera Administrative Region-PhilippinesTubo-Cordillera Administrative Region-PhilippinesVillaviciosa-Cordillera Administrative Region-PhilippinesCalanasan-Cordillera Administrative Region-PhilippinesConner-Cordillera Administrative Region-PhilippinesFlora-Cordillera Administrative Region-PhilippinesKabugao-Cordillera Administrative Region-PhilippinesLuna, Apayao-Cordillera Administrative Region-PhilippinesPudtol-Cordillera Administrative Region-PhilippinesSanta Marcela-Cordillera Administrative Region-PhilippinesAtok-Cordillera Administrative Region-PhilippinesBakun-Cordillera Administrative Region-PhilippinesBokod-Cordillera Administrative Region-PhilippinesBuguias-Cordillera Administrative Region-PhilippinesItogon-Cordillera Administrative Region-PhilippinesKabayan-Cordillera Administrative Region-PhilippinesKapangan-Cordillera Administrative Region-PhilippinesKibungan-Cordillera Administrative Region-PhilippinesLa Trinidad-Cordillera Administrative Region-PhilippinesMankayan-Cordillera Administrative Region-PhilippinesSablan-Cordillera Administrative Region-PhilippinesTuba-Cordillera Administrative Region-PhilippinesTublay-Cordillera Administrative Region-PhilippinesAguinaldo-Cordillera Administrative Region-PhilippinesAlfonso Lista-Cordillera Administrative Region-PhilippinesAsipulo-Cordillera Administrative Region-PhilippinesBanaue-Cordillera Administrative Region-PhilippinesHingyon-Cordillera Administrative Region-PhilippinesHungduan-Cordillera Administrative Region-PhilippinesKiangan-Cordillera Administrative Region-PhilippinesLagawe-Cordillera Administrative Region-PhilippinesLamut-Cordillera Administrative Region-PhilippinesMayoyao-Cordillera Administrative Region-PhilippinesTinoc-Cordillera Administrative Region-PhilippinesBalbalan-Cordillera Administrative Region-PhilippinesLubuagan-Cordillera Administrative Region-PhilippinesPasil-Cordillera Administrative Region-PhilippinesPinukpuk-Cordillera Administrative Region-PhilippinesRizal, Kalinga-Cordillera Administrative Region-PhilippinesTabuk City-Cordillera Administrative Region-PhilippinesTanudan-Cordillera Administrative Region-PhilippinesTinglayan-Cordillera Administrative Region-PhilippinesBarlig-Cordillera Administrative Region-PhilippinesBauko-Cordillera Administrative Region-PhilippinesBesao-Cordillera Administrative Region-PhilippinesBontoc, Mountain Province-Cordillera Administrative Region-PhilippinesNatonin-Cordillera Administrative Region-PhilippinesParacelis-Cordillera Administrative Region-PhilippinesSabangan-Cordillera Administrative Region-PhilippinesSadanga-Cordillera Administrative Region-PhilippinesSagada-Cordillera Administrative Region-PhilippinesTadian-Cordillera Administrative Region-PhilippinesBaguio City-Cordillera Administrative Region-PhilippinesIlocos Region-PhilippinesAdams-Ilocos Region-PhilippinesBacarra-Ilocos Region-PhilippinesBadoc-Ilocos Region-PhilippinesBangui-Ilocos Region-PhilippinesBanna-Ilocos Region-PhilippinesBatac City-Ilocos Region-PhilippinesBurgos, Ilocos Norte-Ilocos Region-PhilippinesCarasi-Ilocos Region-PhilippinesCurrimao-Ilocos Region-PhilippinesDingras-Ilocos Region-PhilippinesDumalneg-Ilocos Region-PhilippinesLaoag City-Ilocos Region-PhilippinesMarcos-Ilocos Region-PhilippinesNueva Era-Ilocos Region-PhilippinesPagudpud-Ilocos Region-PhilippinesPaoay-Ilocos Region-PhilippinesPasuquin-Ilocos Region-PhilippinesPiddig-Ilocos Region-PhilippinesPinili-Ilocos Region-PhilippinesSan Nicolas, Ilocos Norte-Ilocos Region-PhilippinesSarrat-Ilocos Region-PhilippinesSolsona-Ilocos Region-PhilippinesVintar-Ilocos Region-PhilippinesAlilem-Ilocos Region-PhilippinesBanayoyo-Ilocos Region-PhilippinesBantay-Ilocos Region-PhilippinesBurgos, Ilocos Sur-Ilocos Region-PhilippinesCabugao-Ilocos Region-PhilippinesCandon City-Ilocos Region-PhilippinesCaoayan-Ilocos Region-PhilippinesCervantes-Ilocos Region-PhilippinesGalimuyod-Ilocos Region-PhilippinesGregorio Del Pilar-Ilocos Region-PhilippinesLidlidda-Ilocos Region-PhilippinesMagsingal-Ilocos Region-PhilippinesNagbukel-Ilocos Region-PhilippinesNarvacan-Ilocos Region-PhilippinesQuirino, Ilocos Sur-Ilocos Region-PhilippinesSalcedo, Ilocos Sur-Ilocos Region-PhilippinesSan Emilio-Ilocos Region-PhilippinesSan Esteban-Ilocos Region-PhilippinesSan Ildefonso, Ilocos Sur-Ilocos Region-PhilippinesSan Juan, Ilocos Sur-Ilocos Region-PhilippinesSan Vicente, Ilocos Sur-Ilocos Region-PhilippinesSanta-Ilocos Region-PhilippinesSanta Catalina, Ilocos Sur-Ilocos Region-PhilippinesSanta Cruz, Ilocos Sur-Ilocos Region-PhilippinesSanta Lucia-Ilocos Region-PhilippinesSanta Maria, Ilocos Sur-Ilocos Region-PhilippinesSantiago, Ilocos Sur-Ilocos Region-PhilippinesSanto Domingo-Ilocos Region-PhilippinesSigay-Ilocos Region-PhilippinesSinait-Ilocos Region-PhilippinesSugpon-Ilocos Region-PhilippinesSuyo-Ilocos Region-PhilippinesTagudin-Ilocos Region-PhilippinesVigan City-Ilocos Region-PhilippinesAgoo-Ilocos Region-PhilippinesAringay-Ilocos Region-PhilippinesBacnotan-Ilocos Region-PhilippinesBagulin-Ilocos Region-PhilippinesBalaoan-Ilocos Region-PhilippinesBangar-Ilocos Region-PhilippinesBauang-Ilocos Region-PhilippinesBurgos, La Union-Ilocos Region-PhilippinesCaba-Ilocos Region-PhilippinesLuna, La Union-Ilocos Region-PhilippinesNaguilian, La Union-Ilocos Region-PhilippinesPugo-Ilocos Region-PhilippinesRosario, La Union-Ilocos Region-PhilippinesSan Fernando City, La Union-Ilocos Region-PhilippinesSan Gabriel-Ilocos Region-PhilippinesSan Juan, La Union-Ilocos Region-PhilippinesSanto Tomas, La Union-Ilocos Region-PhilippinesSantol-Ilocos Region-PhilippinesSudipen-Ilocos Region-PhilippinesTubao-Ilocos Region-PhilippinesAgno-Ilocos Region-PhilippinesAguilar-Ilocos Region-PhilippinesAlaminos City-Ilocos Region-PhilippinesAlcala, Pangasinan-Ilocos Region-PhilippinesAnda, Pangasinan-Ilocos Region-PhilippinesAsingan-Ilocos Region-PhilippinesBalungao-Ilocos Region-PhilippinesBani-Ilocos Region-PhilippinesBasista-Ilocos Region-PhilippinesBautista-Ilocos Region-PhilippinesBayambang-Ilocos Region-PhilippinesBinalonan-Ilocos Region-PhilippinesBinmaley-Ilocos Region-PhilippinesBolinao-Ilocos Region-PhilippinesBugallon-Ilocos Region-PhilippinesBurgos, Pangasinan-Ilocos Region-PhilippinesCalasiao-Ilocos Region-PhilippinesDasol-Ilocos Region-PhilippinesInfanta, Pangasinan-Ilocos Region-PhilippinesLabrador-Ilocos Region-PhilippinesLaoac-Ilocos Region-PhilippinesLingayen-Ilocos Region-PhilippinesMabini, Pangasinan-Ilocos Region-PhilippinesMalasiqui-Ilocos Region-PhilippinesManaoag-Ilocos Region-PhilippinesMangaldan-Ilocos Region-PhilippinesMangatarem-Ilocos Region-PhilippinesMapandan-Ilocos Region-PhilippinesNatividad-Ilocos Region-PhilippinesPozorrubio-Ilocos Region-PhilippinesRosales-Ilocos Region-PhilippinesSan Carlos City, Pangasinan-Ilocos Region-PhilippinesSan Fabian-Ilocos Region-PhilippinesSan Jacinto, Pangasinan-Ilocos Region-PhilippinesSan Manuel, Pangasinan-Ilocos Region-PhilippinesSan Nicolas, Pangasinan-Ilocos Region-PhilippinesSan Quintin, Pangasinan-Ilocos Region-PhilippinesSanta Barbara, Pangasinan-Ilocos Region-PhilippinesSanta Maria, Pangasinan-Ilocos Region-PhilippinesSanto Tomas, Pangasinan-Ilocos Region-PhilippinesSison, Pangasinan-Ilocos Region-PhilippinesSual-Ilocos Region-PhilippinesTayug-Ilocos Region-PhilippinesUmingan-Ilocos Region-PhilippinesUrbiztondo-Ilocos Region-PhilippinesUrdaneta City-Ilocos Region-PhilippinesVillasis-Ilocos Region-PhilippinesDagupan City-Ilocos Region-PhilippinesCagayan Valley-PhilippinesBasco-Cagayan Valley-PhilippinesItbayat-Cagayan Valley-PhilippinesIvana-Cagayan Valley-PhilippinesMahatao-Cagayan Valley-PhilippinesSabtang-Cagayan Valley-PhilippinesUyugan-Cagayan Valley-PhilippinesAbulug-Cagayan Valley-PhilippinesAlcala, Cagayan-Cagayan Valley-PhilippinesAllacapan-Cagayan Valley-PhilippinesAmulung-Cagayan Valley-PhilippinesAparri-Cagayan Valley-PhilippinesBaggao-Cagayan Valley-PhilippinesBallesteros-Cagayan Valley-PhilippinesBuguey-Cagayan Valley-PhilippinesCalayan-Cagayan Valley-PhilippinesCamalaniugan-Cagayan Valley-PhilippinesClaveria, Cagayan-Cagayan Valley-PhilippinesEnrile-Cagayan Valley-PhilippinesGattaran-Cagayan Valley-PhilippinesGonzaga-Cagayan Valley-PhilippinesIguig-Cagayan Valley-PhilippinesLal-lo-Cagayan Valley-PhilippinesLasam-Cagayan Valley-PhilippinesPamplona, Cagayan-Cagayan Valley-PhilippinesPeñablanca-Cagayan Valley-PhilippinesPiat-Cagayan Valley-PhilippinesRizal, Cagayan-Cagayan Valley-PhilippinesSanchez Mira-Cagayan Valley-PhilippinesSanta Ana, Cagayan-Cagayan Valley-PhilippinesSanta Praxedes-Cagayan Valley-PhilippinesSanta Teresita, Cagayan-Cagayan Valley-PhilippinesSanto Niño, Cagayan-Cagayan Valley-PhilippinesSolana-Cagayan Valley-PhilippinesTuao-Cagayan Valley-PhilippinesTuguegarao City-Cagayan Valley-PhilippinesAlicia, Isabela-Cagayan Valley-PhilippinesAngadanan-Cagayan Valley-PhilippinesAurora, Isabela-Cagayan Valley-PhilippinesBenito Soliven-Cagayan Valley-PhilippinesBurgos, Isabela-Cagayan Valley-PhilippinesCabagan-Cagayan Valley-PhilippinesCabatuan, Isabela-Cagayan Valley-PhilippinesCauayan City-Cagayan Valley-PhilippinesCordon-Cagayan Valley-PhilippinesDelfin Albano-Cagayan Valley-PhilippinesDinapigue-Cagayan Valley-PhilippinesDivilacan-Cagayan Valley-PhilippinesEchague-Cagayan Valley-PhilippinesGamu-Cagayan Valley-PhilippinesIlagan City-Cagayan Valley-PhilippinesJones-Cagayan Valley-PhilippinesLuna, Isabela-Cagayan Valley-PhilippinesMaconacon-Cagayan Valley-PhilippinesMallig-Cagayan Valley-PhilippinesNaguilian, Isabela-Cagayan Valley-PhilippinesPalanan, Isabela-Cagayan Valley-PhilippinesQuezon, Isabela-Cagayan Valley-PhilippinesQuirino, Isabela-Cagayan Valley-PhilippinesRamon-Cagayan Valley-PhilippinesReina Mercedes-Cagayan Valley-PhilippinesRoxas, Isabela-Cagayan Valley-PhilippinesSan Agustin, Isabela-Cagayan Valley-PhilippinesSan Guillermo-Cagayan Valley-PhilippinesSan Isidro, Isabela-Cagayan Valley-PhilippinesSan Manuel, Isabela-Cagayan Valley-PhilippinesSan Mariano-Cagayan Valley-PhilippinesSan Mateo, Isabela-Cagayan Valley-PhilippinesSan Pablo, Isabela-Cagayan Valley-PhilippinesSanta Maria, Isabela-Cagayan Valley-PhilippinesSanto Tomas, Isabela-Cagayan Valley-PhilippinesTumauini-Cagayan Valley-PhilippinesAlfonso Castañeda-Cagayan Valley-PhilippinesAmbaguio-Cagayan Valley-PhilippinesAritao-Cagayan Valley-PhilippinesBagabag-Cagayan Valley-PhilippinesBambang-Cagayan Valley-PhilippinesBayombong-Cagayan Valley-PhilippinesDiadi-Cagayan Valley-PhilippinesDupax Del Norte-Cagayan Valley-PhilippinesDupax Del Sur-Cagayan Valley-PhilippinesKasibu-Cagayan Valley-PhilippinesKayapa-Cagayan Valley-PhilippinesQuezon, Nueva Vizcaya-Cagayan Valley-PhilippinesSanta Fe, Nueva Vizcaya-Cagayan Valley-PhilippinesSolano-Cagayan Valley-PhilippinesVillaverde-Cagayan Valley-PhilippinesAglipay-Cagayan Valley-PhilippinesCabarroguis-Cagayan Valley-PhilippinesDiffun-Cagayan Valley-PhilippinesMaddela-Cagayan Valley-PhilippinesNagtipunan-Cagayan Valley-PhilippinesSaguday-Cagayan Valley-PhilippinesSantiago City-Cagayan Valley-PhilippinesCentral Luzon-PhilippinesBaler-Central Luzon-PhilippinesCasiguran, Aurora-Central Luzon-PhilippinesDilasag-Central Luzon-PhilippinesDinalungan-Central Luzon-PhilippinesDingalan-Central Luzon-PhilippinesDipaculao-Central Luzon-PhilippinesMaria Aurora-Central Luzon-PhilippinesSan Luis, Aurora-Central Luzon-PhilippinesAbucay-Central Luzon-PhilippinesBagac-Central Luzon-PhilippinesBalanga City-Central Luzon-PhilippinesDinalupihan-Central Luzon-PhilippinesHermosa-Central Luzon-PhilippinesLimay-Central Luzon-PhilippinesMariveles-Central Luzon-PhilippinesMorong, Bataan-Central Luzon-PhilippinesOrani-Central Luzon-PhilippinesOrion-Central Luzon-PhilippinesPilar, Bataan-Central Luzon-PhilippinesSamal, Bataan-Central Luzon-PhilippinesAngat-Central Luzon-PhilippinesBalagtas-Central Luzon-PhilippinesBaliuag-Central Luzon-PhilippinesBocaue-Central Luzon-PhilippinesBulakan-Central Luzon-PhilippinesBustos-Central Luzon-PhilippinesCalumpit-Central Luzon-PhilippinesDoña Remedios Trinidad-Central Luzon-PhilippinesGuiguinto-Central Luzon-PhilippinesHagonoy, Bulacan-Central Luzon-PhilippinesMalolos City-Central Luzon-PhilippinesMarilao-Central Luzon-PhilippinesMeycauayan City-Central Luzon-PhilippinesNorzagaray-Central Luzon-PhilippinesObando-Central Luzon-PhilippinesPandi-Central Luzon-PhilippinesPaombong-Central Luzon-PhilippinesPlaridel, Bulacan-Central Luzon-PhilippinesPulilan-Central Luzon-PhilippinesSan Ildefonso, Bulacan-Central Luzon-PhilippinesSan Jose Del Monte City-Central Luzon-PhilippinesSan Miguel, Bulacan-Central Luzon-PhilippinesSan Rafael, Bulacan-Central Luzon-PhilippinesSanta Maria, Bulacan-Central Luzon-PhilippinesAliaga-Central Luzon-PhilippinesBongabon-Central Luzon-PhilippinesCabanatuan City-Central Luzon-PhilippinesCabiao-Central Luzon-PhilippinesCarranglan-Central Luzon-PhilippinesCuyapo-Central Luzon-PhilippinesGabaldon-Central Luzon-PhilippinesGapan City-Central Luzon-PhilippinesGeneral Mamerto Natividad-Central Luzon-PhilippinesGeneral Tinio-Central Luzon-PhilippinesGuimba-Central Luzon-PhilippinesJaen-Central Luzon-PhilippinesLaur-Central Luzon-PhilippinesLicab-Central Luzon-PhilippinesLlanera-Central Luzon-PhilippinesLupao-Central Luzon-PhilippinesNampicuan-Central Luzon-PhilippinesPalayan City-Central Luzon-PhilippinesPantabangan-Central Luzon-PhilippinesPeñarada-Central Luzon-PhilippinesQuezon, Nueva Ecija-Central Luzon-PhilippinesRizal, Nueva Ecija-Central Luzon-PhilippinesSan Antonio, Nueva Ecija-Central Luzon-PhilippinesSan Isidro-Central Luzon-PhilippinesSan Jose City, Nueva Ecija-Central Luzon-PhilippinesSan Leonardo-Central Luzon-PhilippinesSanta Rosa, Nueva Ecija-Central Luzon-PhilippinesSanto Domingo, Nueva Ecija-Central Luzon-PhilippinesScience City of Muñoz, Nueva Ecija-Central Luzon-PhilippinesTalavera-Central Luzon-PhilippinesTalugtug-Central Luzon-PhilippinesZaragoza-Central Luzon-PhilippinesApalit-Central Luzon-PhilippinesArayat-Central Luzon-PhilippinesBacolor-Central Luzon-PhilippinesCandaba-Central Luzon-PhilippinesFloridablanca-Central Luzon-PhilippinesGuagua-Central Luzon-PhilippinesLubao-Central Luzon-PhilippinesMabalacat City-Central Luzon-PhilippinesMacabebe-Central Luzon-PhilippinesMagalang-Central Luzon-PhilippinesMasantol-Central Luzon-PhilippinesMexico-Central Luzon-PhilippinesMinalin-Central Luzon-PhilippinesPorac-Central Luzon-PhilippinesSan Fernando City, Pampanga-Central Luzon-PhilippinesSan Luis, Pampanga-Central Luzon-PhilippinesSan Simon-Central Luzon-PhilippinesSanta Ana, Pampanga-Central Luzon-PhilippinesSanta Rita, Pampanga-Central Luzon-PhilippinesSanto Tomas, Pampanga-Central Luzon-PhilippinesSasmuan-Central Luzon-PhilippinesAnao-Central Luzon-PhilippinesBamban-Central Luzon-PhilippinesCamiling-Central Luzon-PhilippinesCapas-Central Luzon-PhilippinesConcepcion, Tarlac-Central Luzon-PhilippinesGerona-Central Luzon-PhilippinesLa Paz, Tarlac-Central Luzon-PhilippinesMayantoc-Central Luzon-PhilippinesMoncada-Central Luzon-PhilippinesPaniqui-Central Luzon-PhilippinesPura-Central Luzon-PhilippinesRamos-Central Luzon-PhilippinesSan Clemente-Central Luzon-PhilippinesSan Jose, Tarlac-Central Luzon-PhilippinesSan Manuel, Tarlac-Central Luzon-PhilippinesSanta Ignacia-Central Luzon-PhilippinesTarlac City-Central Luzon-PhilippinesVictoria, Tarlac-Central Luzon-PhilippinesBotolan-Central Luzon-PhilippinesCabangan-Central Luzon-PhilippinesCandelaria, Zambales-Central Luzon-PhilippinesCastillejos-Central Luzon-PhilippinesIba-Central Luzon-PhilippinesMasinloc-Central Luzon-PhilippinesPalauig-Central Luzon-PhilippinesSan Antonio, Zambales-Central Luzon-PhilippinesSan Felipe-Central Luzon-PhilippinesSan Marcelino-Central Luzon-PhilippinesSan Narciso, Zambales-Central Luzon-PhilippinesSanta Cruz, Zambales-Central Luzon-PhilippinesSubic-Central Luzon-PhilippinesAngeles City-Central Luzon-PhilippinesOlongapo City-Central Luzon-PhilippinesScience City of Muñoz, Nueva Ecija-Central Luzon-PhilippinesCALABARZON-PhilippinesAgoncillo-CALABARZON-PhilippinesAlitagtag-CALABARZON-PhilippinesBalayan-CALABARZON-PhilippinesBalete, Batangas-CALABARZON-PhilippinesBatangas City-CALABARZON-PhilippinesBauan-CALABARZON-PhilippinesCalaca-CALABARZON-PhilippinesCalatagan-CALABARZON-PhilippinesCuenca-CALABARZON-PhilippinesIbaan-CALABARZON-PhilippinesLaurel-CALABARZON-PhilippinesLemery, Batangas-CALABARZON-PhilippinesLian-CALABARZON-PhilippinesLipa City-CALABARZON-PhilippinesLobo-CALABARZON-PhilippinesMabini, Batangas-CALABARZON-PhilippinesMalvar-CALABARZON-PhilippinesMataasnakahoy-CALABARZON-PhilippinesNasugbu-CALABARZON-PhilippinesPadre Garcia-CALABARZON-PhilippinesRosario, Batangas-CALABARZON-PhilippinesSan Jose, Batangas-CALABARZON-PhilippinesSan Juan, Batangas-CALABARZON-PhilippinesSan Luis, Batangas-CALABARZON-PhilippinesSan Nicolas, Batangas-CALABARZON-PhilippinesSan Pascual, Batangas-CALABARZON-PhilippinesSanta Teresita, Batangas-CALABARZON-PhilippinesSanto Tomas City-CALABARZON-PhilippinesTaal-CALABARZON-PhilippinesTalisay, Batangas-CALABARZON-PhilippinesTanauan City-CALABARZON-PhilippinesTaysan-CALABARZON-PhilippinesTingloy-CALABARZON-PhilippinesTuy-CALABARZON-PhilippinesAlfonso-CALABARZON-PhilippinesAmadeo-CALABARZON-PhilippinesBacoor City-CALABARZON-PhilippinesCarmona-CALABARZON-PhilippinesCavite City-CALABARZON-PhilippinesDasmariñas City-CALABARZON-PhilippinesGeneral Emilio Aguinaldo-CALABARZON-PhilippinesGeneral Mariano Alvarez-CALABARZON-PhilippinesGeneral Trias City-CALABARZON-PhilippinesImus City-CALABARZON-PhilippinesIndang-CALABARZON-PhilippinesKawit-CALABARZON-PhilippinesMagallanes, Cavite-CALABARZON-PhilippinesMaragondon-CALABARZON-PhilippinesMendez-CALABARZON-PhilippinesNaic-CALABARZON-PhilippinesNoveleta-CALABARZON-PhilippinesRosario, Cavite-CALABARZON-PhilippinesSilang-CALABARZON-PhilippinesTagaytay City-CALABARZON-PhilippinesTanza-CALABARZON-PhilippinesTernate-CALABARZON-PhilippinesTrece Martires City-CALABARZON-PhilippinesAlaminos, Laguna-CALABARZON-PhilippinesBay-CALABARZON-PhilippinesBiñan City-CALABARZON-PhilippinesCabuyao City-CALABARZON-PhilippinesCalamba City-CALABARZON-PhilippinesCalauan-CALABARZON-PhilippinesCavinti-CALABARZON-PhilippinesFamy-CALABARZON-PhilippinesKalayaan, Laguna-CALABARZON-PhilippinesLiliw-CALABARZON-PhilippinesLos Baños-CALABARZON-PhilippinesLuisiana-CALABARZON-PhilippinesLumban-CALABARZON-PhilippinesMabitac-CALABARZON-PhilippinesMagdalena-CALABARZON-PhilippinesMajayjay-CALABARZON-PhilippinesNagcarlan-CALABARZON-PhilippinesPaete-CALABARZON-PhilippinesPagsanjan-CALABARZON-PhilippinesPakil-CALABARZON-PhilippinesPangil-CALABARZON-PhilippinesPila-CALABARZON-PhilippinesRizal, Laguna-CALABARZON-PhilippinesSan Pablo City, Laguna-CALABARZON-PhilippinesSan Pedro City-CALABARZON-PhilippinesSanta Cruz, Laguna-CALABARZON-PhilippinesSanta Maria, Laguna-CALABARZON-PhilippinesSanta Rosa City, Laguna-CALABARZON-PhilippinesSiniloan-CALABARZON-PhilippinesVictoria, Laguna-CALABARZON-PhilippinesAgdangan-CALABARZON-PhilippinesAlabat-CALABARZON-PhilippinesAtimonan-CALABARZON-PhilippinesBuenavista, Quezon-CALABARZON-PhilippinesBurdeos-CALABARZON-PhilippinesCalauag-CALABARZON-PhilippinesCandelaria, Quezon-CALABARZON-PhilippinesCatanauan-CALABARZON-PhilippinesDolores, Quezon-CALABARZON-PhilippinesGeneral Luna, Quezon-CALABARZON-PhilippinesGeneral Nakar-CALABARZON-PhilippinesGuinayangan-CALABARZON-PhilippinesGumaca-CALABARZON-PhilippinesInfanta, Quezon-CALABARZON-PhilippinesJomalig-CALABARZON-PhilippinesLopez-CALABARZON-PhilippinesLucban-CALABARZON-PhilippinesMacalelon-CALABARZON-PhilippinesMauban-CALABARZON-PhilippinesMulanay-CALABARZON-PhilippinesPadre Burgos, Quezon-CALABARZON-PhilippinesPagbilao-CALABARZON-PhilippinesPanukulan-CALABARZON-PhilippinesPatnanungan-CALABARZON-PhilippinesPerez-CALABARZON-PhilippinesPitogo, Quezon-CALABARZON-PhilippinesPlaridel, Quezon-CALABARZON-PhilippinesPolillo-CALABARZON-PhilippinesQuezon, Quezon-CALABARZON-PhilippinesReal-CALABARZON-PhilippinesSampaloc-CALABARZON-PhilippinesSan Andres, Quezon-CALABARZON-PhilippinesSan Antonio, Quezon-CALABARZON-PhilippinesSan Francisco, Quezon-CALABARZON-PhilippinesSan Narciso, Quezon-CALABARZON-PhilippinesSariaya-CALABARZON-PhilippinesTagkawayan-CALABARZON-PhilippinesTayabas City-CALABARZON-PhilippinesTiaong-CALABARZON-PhilippinesUnisan-CALABARZON-PhilippinesAngono-CALABARZON-PhilippinesAntipolo City-CALABARZON-PhilippinesBaras, Rizal-CALABARZON-PhilippinesBinangonan-CALABARZON-PhilippinesCainta-CALABARZON-PhilippinesCardona-CALABARZON-PhilippinesJalajala-CALABARZON-PhilippinesMorong, Rizal-CALABARZON-PhilippinesPililla-CALABARZON-PhilippinesRodriguez-CALABARZON-PhilippinesSan Mateo, Rizal-CALABARZON-PhilippinesTanay-CALABARZON-PhilippinesTaytay, Rizal-CALABARZON-PhilippinesTeresa-CALABARZON-PhilippinesLucena City-CALABARZON-PhilippinesMIMAROPA-PhilippinesBoac-MIMAROPA-PhilippinesBuenavista, Marinduque-MIMAROPA-PhilippinesGasan-MIMAROPA-PhilippinesMogpog-MIMAROPA-PhilippinesSanta Cruz, Marinduque-MIMAROPA-PhilippinesTorrijos-MIMAROPA-PhilippinesAbra de Ilog-MIMAROPA-PhilippinesCalintaan-MIMAROPA-PhilippinesLooc, Occidental Mindoro-MIMAROPA-PhilippinesLubang-MIMAROPA-PhilippinesMagsaysay, Occidental Mindoro-MIMAROPA-PhilippinesMamburao-MIMAROPA-PhilippinesPaluan-MIMAROPA-PhilippinesRizal, Occidental Mindoro-MIMAROPA-PhilippinesSablayan-MIMAROPA-PhilippinesSan Jose, Occidental Mindoro-MIMAROPA-PhilippinesSanta Cruz, Occidental Mindoro-MIMAROPA-PhilippinesBaco-MIMAROPA-PhilippinesBansud-MIMAROPA-PhilippinesBongabong-MIMAROPA-PhilippinesBulalacao-MIMAROPA-PhilippinesCalapan City-MIMAROPA-PhilippinesGloria-MIMAROPA-PhilippinesMansalay-MIMAROPA-PhilippinesNaujan-MIMAROPA-PhilippinesPinamalayan-MIMAROPA-PhilippinesPola-MIMAROPA-PhilippinesPuerto Galera-MIMAROPA-PhilippinesRoxas, Oriental Mindoro-MIMAROPA-PhilippinesSan Teodoro-MIMAROPA-PhilippinesSocorro, Oriental Mindoro-MIMAROPA-PhilippinesVictoria, Oriental Mindoro-MIMAROPA-PhilippinesAborlan-MIMAROPA-PhilippinesAgutaya-MIMAROPA-PhilippinesAraceli-MIMAROPA-PhilippinesBalabac-MIMAROPA-PhilippinesBataraza-MIMAROPA-PhilippinesBrooke's Point-MIMAROPA-PhilippinesBusuanga-MIMAROPA-PhilippinesCagayancillo-MIMAROPA-PhilippinesCoron-MIMAROPA-PhilippinesCulion-MIMAROPA-PhilippinesCuyo-MIMAROPA-PhilippinesDumaran-MIMAROPA-PhilippinesEl Nido-MIMAROPA-PhilippinesKalayaan, Palawan-MIMAROPA-PhilippinesLinapacan-MIMAROPA-PhilippinesMagsaysay, Palawan-MIMAROPA-PhilippinesNarra-MIMAROPA-PhilippinesQuezon, Palawan-MIMAROPA-PhilippinesRizal, Palawan-MIMAROPA-PhilippinesRoxas, Palawan-MIMAROPA-PhilippinesSan Vicente, Palawan-MIMAROPA-PhilippinesSofronio Española-MIMAROPA-PhilippinesTaytay, Palawan-MIMAROPA-PhilippinesAlcantara, Romblon-MIMAROPA-PhilippinesBanton-MIMAROPA-PhilippinesCajidiocan-MIMAROPA-PhilippinesCalatrava, Romblon-MIMAROPA-PhilippinesConcepcion, Romblon-MIMAROPA-PhilippinesCorcuera-MIMAROPA-PhilippinesFerrol-MIMAROPA-PhilippinesLooc, Romblon-MIMAROPA-PhilippinesMagdiwang-MIMAROPA-PhilippinesOdiongan-MIMAROPA-PhilippinesRomblon, Romblon-MIMAROPA-PhilippinesSan Agustin, Romblon-MIMAROPA-PhilippinesSan Andres, Romblon-MIMAROPA-PhilippinesSan Fernando, Romblon-MIMAROPA-PhilippinesSan Jose, Romblon-MIMAROPA-PhilippinesSanta Fe, Romblon-MIMAROPA-PhilippinesSanta Maria, Romblon-MIMAROPA-PhilippinesPuerto Princesa City-MIMAROPA-PhilippinesBicol Region-PhilippinesBacacay-Bicol Region-PhilippinesCamalig-Bicol Region-PhilippinesDaraga-Bicol Region-PhilippinesGuinobatan-Bicol Region-PhilippinesJovellar-Bicol Region-PhilippinesLegazpi City-Bicol Region-PhilippinesLibon-Bicol Region-PhilippinesLigao City-Bicol Region-PhilippinesMalilipot-Bicol Region-PhilippinesMalinao, Albay-Bicol Region-PhilippinesManito-Bicol Region-PhilippinesOas-Bicol Region-PhilippinesPio Duran-Bicol Region-PhilippinesPolangui-Bicol Region-PhilippinesRapu-Rapu-Bicol Region-PhilippinesSanto Domingo, Albay-Bicol Region-PhilippinesTabaco City-Bicol Region-PhilippinesTiwi-Bicol Region-PhilippinesBasud-Bicol Region-PhilippinesCapalonga-Bicol Region-PhilippinesDaet-Bicol Region-PhilippinesJose Panganiban-Bicol Region-PhilippinesLabo-Bicol Region-PhilippinesMercedes, Camarines Norte-Bicol Region-PhilippinesParacale-Bicol Region-PhilippinesSan Lorenzo Ruiz-Bicol Region-PhilippinesSan Vicente, Camarines Norte-Bicol Region-PhilippinesSanta Elena-Bicol Region-PhilippinesTalisay, Camarines Norte-Bicol Region-PhilippinesVinzons-Bicol Region-PhilippinesBaao-Bicol Region-PhilippinesBalatan-Bicol Region-PhilippinesBato, Camarines Sur-Bicol Region-PhilippinesBombon-Bicol Region-PhilippinesBuhi-Bicol Region-PhilippinesBula-Bicol Region-PhilippinesCabusao-Bicol Region-PhilippinesCalabanga-Bicol Region-PhilippinesCamaligan-Bicol Region-PhilippinesCanaman-Bicol Region-PhilippinesCaramoan-Bicol Region-PhilippinesDel Gallego-Bicol Region-PhilippinesGainza-Bicol Region-PhilippinesGarchitorena-Bicol Region-PhilippinesGoa-Bicol Region-PhilippinesIriga City-Bicol Region-PhilippinesLagonoy-Bicol Region-PhilippinesLibmanan-Bicol Region-PhilippinesLupi-Bicol Region-PhilippinesMagarao-Bicol Region-PhilippinesMilaor-Bicol Region-PhilippinesMinalabac-Bicol Region-PhilippinesNabua-Bicol Region-PhilippinesOcampo-Bicol Region-PhilippinesPamplona, Camarines Sur-Bicol Region-PhilippinesPasacao-Bicol Region-PhilippinesPili-Bicol Region-PhilippinesPresentacion-Bicol Region-PhilippinesRagay-Bicol Region-PhilippinesSan Fernando, Camarines Sur-Bicol Region-PhilippinesSan Jose, Camarines Sur-Bicol Region-PhilippinesSipocot-Bicol Region-PhilippinesSiruma-Bicol Region-PhilippinesTigaon-Bicol Region-PhilippinesTinambac-Bicol Region-PhilippinesBagamanoc-Bicol Region-PhilippinesBaras, Catanduanes-Bicol Region-PhilippinesBato, Catanduanes-Bicol Region-PhilippinesCaramoran-Bicol Region-PhilippinesGigmoto-Bicol Region-PhilippinesPandan, Catanduanes-Bicol Region-PhilippinesPanganiban-Bicol Region-PhilippinesSan Andres, Catanduanes-Bicol Region-PhilippinesSan Miguel, Catanduanes-Bicol Region-PhilippinesViga-Bicol Region-PhilippinesVirac-Bicol Region-PhilippinesAroroy-Bicol Region-PhilippinesBaleno-Bicol Region-PhilippinesBalud-Bicol Region-PhilippinesBatuan, Masbate-Bicol Region-PhilippinesCataingan-Bicol Region-PhilippinesCawayan-Bicol Region-PhilippinesClaveria, Masbate-Bicol Region-PhilippinesDimasalang-Bicol Region-PhilippinesEsperanza, Masbate-Bicol Region-PhilippinesMandaon-Bicol Region-PhilippinesMasbate City-Bicol Region-PhilippinesMilagros-Bicol Region-PhilippinesMobo-Bicol Region-PhilippinesMonreal-Bicol Region-PhilippinesPalanas-Bicol Region-PhilippinesPio V. Corpuz-Bicol Region-PhilippinesPlacer, Masbate-Bicol Region-PhilippinesSan Fernando, Masbate-Bicol Region-PhilippinesSan Jacinto, Masbate-Bicol Region-PhilippinesSan Pascual, Masbate-Bicol Region-PhilippinesUson-Bicol Region-PhilippinesBarcelona-Bicol Region-PhilippinesBulan-Bicol Region-PhilippinesBulusan-Bicol Region-PhilippinesCasiguran, Sorsogon-Bicol Region-PhilippinesCastilla-Bicol Region-PhilippinesDonsol-Bicol Region-PhilippinesGubat-Bicol Region-PhilippinesIrosin-Bicol Region-PhilippinesJuban-Bicol Region-PhilippinesMagallanes, Sorsogon-Bicol Region-PhilippinesMatnog-Bicol Region-PhilippinesPilar, Sorsogon-Bicol Region-PhilippinesPrieto Diaz-Bicol Region-PhilippinesSanta Magdalena-Bicol Region-PhilippinesSorsogon City-Bicol Region-PhilippinesNaga City, Camarines Sur-Bicol Region-PhilippinesSagñay-Bicol Region-PhilippinesWestern Visayas-PhilippinesAltavas-Western Visayas-PhilippinesBalete, Aklan-Western Visayas-PhilippinesBanga, Aklan-Western Visayas-PhilippinesBatan-Western Visayas-PhilippinesBuruanga-Western Visayas-PhilippinesIbajay-Western Visayas-PhilippinesKalibo-Western Visayas-PhilippinesLezo-Western Visayas-PhilippinesLibacao-Western Visayas-PhilippinesMadalag-Western Visayas-PhilippinesMakato-Western Visayas-PhilippinesMalay-Western Visayas-PhilippinesMalinao, Aklan-Western Visayas-PhilippinesNabas-Western Visayas-PhilippinesNew Washington-Western Visayas-PhilippinesNumancia-Western Visayas-PhilippinesTangalan-Western Visayas-PhilippinesAnini-y-Western Visayas-PhilippinesBarbaza-Western Visayas-PhilippinesBelison-Western Visayas-PhilippinesBugasong-Western Visayas-PhilippinesCaluya-Western Visayas-PhilippinesCulasi-Western Visayas-PhilippinesHamtic-Western Visayas-PhilippinesLaua-an-Western Visayas-PhilippinesLibertad, Antique-Western Visayas-PhilippinesPandan, Antique-Western Visayas-PhilippinesPatnongon-Western Visayas-PhilippinesSan Jose de Buenavista-Western Visayas-PhilippinesSan Remigio, Antique-Western Visayas-PhilippinesSebaste-Western Visayas-PhilippinesSibalom-Western Visayas-PhilippinesTibiao-Western Visayas-PhilippinesTobias Fornier-Western Visayas-PhilippinesValderrama-Western Visayas-PhilippinesCuartero-Western Visayas-PhilippinesDao, Capiz-Western Visayas-PhilippinesDumalag-Western Visayas-PhilippinesDumarao-Western Visayas-PhilippinesIvisan-Western Visayas-PhilippinesJamindan-Western Visayas-PhilippinesMaayon-Western Visayas-PhilippinesMambusao-Western Visayas-PhilippinesPanay, Capiz-Western Visayas-PhilippinesPanitan-Western Visayas-PhilippinesPilar, Capiz-Western Visayas-PhilippinesPontevedra, Capiz-Western Visayas-PhilippinesPresident Roxas, Capiz-Western Visayas-PhilippinesRoxas City-Western Visayas-PhilippinesSapian-Western Visayas-PhilippinesSigma-Western Visayas-PhilippinesTapaz-Western Visayas-PhilippinesBuenavista, Guimaras-Western Visayas-PhilippinesJordan, Guimaras-Western Visayas-PhilippinesNueva Valencia-Western Visayas-PhilippinesSan Lorenzo-Western Visayas-PhilippinesSibunag-Western Visayas-PhilippinesAjuy-Western Visayas-PhilippinesAlimodian-Western Visayas-PhilippinesAnilao, Iloilo-Western Visayas-PhilippinesBadiangan-Western Visayas-PhilippinesBalasan-Western Visayas-PhilippinesBanate-Western Visayas-PhilippinesBarotac Nuevo-Western Visayas-PhilippinesBarotac Viejo-Western Visayas-PhilippinesBatad-Western Visayas-PhilippinesBingawan-Western Visayas-PhilippinesCabatuan, Iloilo-Western Visayas-PhilippinesCalinog-Western Visayas-PhilippinesCarles-Western Visayas-PhilippinesConcepcion, Iloilo-Western Visayas-PhilippinesDingle-Western Visayas-PhilippinesDueñas-Western Visayas-PhilippinesDumangas-Western Visayas-PhilippinesEstancia-Western Visayas-PhilippinesGuimbal-Western Visayas-PhilippinesIgbaras-Western Visayas-PhilippinesJaniuay-Western Visayas-PhilippinesLambunao-Western Visayas-PhilippinesLeganes-Western Visayas-PhilippinesLemery, Iloilo-Western Visayas-PhilippinesLeon-Western Visayas-PhilippinesMaasin, Iloilo-Western Visayas-PhilippinesMiagao-Western Visayas-PhilippinesMina-Western Visayas-PhilippinesNew Lucena-Western Visayas-PhilippinesOton-Western Visayas-PhilippinesPassi City-Western Visayas-PhilippinesPavia-Western Visayas-PhilippinesPototan-Western Visayas-PhilippinesSan Dionisio-Western Visayas-PhilippinesSan Enrique, Iloilo-Western Visayas-PhilippinesSan Joaquin-Western Visayas-PhilippinesSan Miguel, Iloilo-Western Visayas-PhilippinesSan Rafael, Iloilo-Western Visayas-PhilippinesSanta Barbara, Iloilo-Western Visayas-PhilippinesSara-Western Visayas-PhilippinesTigbauan-Western Visayas-PhilippinesTubungan-Western Visayas-PhilippinesZarraga-Western Visayas-PhilippinesBago City-Western Visayas-PhilippinesBinalbagan-Western Visayas-PhilippinesCadiz City-Western Visayas-PhilippinesCalatrava, Negros Occidental-Western Visayas-PhilippinesCandoni-Western Visayas-PhilippinesCauayan, Negros Occidental-Western Visayas-PhilippinesEnrique B. Magalona-Western Visayas-PhilippinesEscalante City-Western Visayas-PhilippinesHimamaylan City-Western Visayas-PhilippinesHinigaran-Western Visayas-PhilippinesHinoba-an-Western Visayas-PhilippinesIlog-Western Visayas-PhilippinesIsabela, Negros Occidental-Western Visayas-PhilippinesKabankalan City-Western Visayas-PhilippinesLa Carlota City-Western Visayas-PhilippinesLa Castellana-Western Visayas-PhilippinesManapla-Western Visayas-PhilippinesMoises Padilla-Western Visayas-PhilippinesMurcia-Western Visayas-PhilippinesPontevedra, Negros Occidental-Western Visayas-PhilippinesPulupandan-Western Visayas-PhilippinesSagay City-Western Visayas-PhilippinesSalvador Benedicto-Western Visayas-PhilippinesSan Carlos City, Negros Occidental-Western Visayas-PhilippinesSan Enrique, Negros Occidental-Western Visayas-PhilippinesSilay City-Western Visayas-PhilippinesSipalay City-Western Visayas-PhilippinesTalisay City, Negros Occidental-Western Visayas-PhilippinesToboso-Western Visayas-PhilippinesValladolid-Western Visayas-PhilippinesVictorias City-Western Visayas-PhilippinesBacolod City-Western Visayas-PhilippinesBoracay-Western Visayas-PhilippinesIloilo City-Western Visayas-PhilippinesCentral Visayas-PhilippinesAlburquerque-Central Visayas-PhilippinesAlicia, Bohol-Central Visayas-PhilippinesAnda, Bohol-Central Visayas-PhilippinesAntequera-Central Visayas-PhilippinesBaclayon-Central Visayas-PhilippinesBalilihan-Central Visayas-PhilippinesBatuan, Bohol-Central Visayas-PhilippinesBien Unido-Central Visayas-PhilippinesBilar-Central Visayas-PhilippinesBuenavista, Bohol-Central Visayas-PhilippinesCalape-Central Visayas-PhilippinesCandijay-Central Visayas-PhilippinesCarmen, Bohol-Central Visayas-PhilippinesCatigbian-Central Visayas-PhilippinesClarin, Bohol-Central Visayas-PhilippinesCorella-Central Visayas-PhilippinesCortes, Bohol-Central Visayas-PhilippinesDagohoy-Central Visayas-PhilippinesDanao, Bohol-Central Visayas-PhilippinesDauis-Central Visayas-PhilippinesDimiao-Central Visayas-PhilippinesDuero-Central Visayas-PhilippinesGarcia Hernandez-Central Visayas-PhilippinesGetafe-Central Visayas-PhilippinesGuindulman-Central Visayas-PhilippinesInabanga-Central Visayas-PhilippinesJagna-Central Visayas-PhilippinesLila-Central Visayas-PhilippinesLoay-Central Visayas-PhilippinesLoboc-Central Visayas-PhilippinesLoon-Central Visayas-PhilippinesMabini, Bohol-Central Visayas-PhilippinesMaribojoc-Central Visayas-PhilippinesPanglao-Central Visayas-PhilippinesPilar, Bohol-Central Visayas-PhilippinesPresident Carlos P. Garcia-Central Visayas-PhilippinesSagbayan-Central Visayas-PhilippinesSan Isidro, Bohol-Central Visayas-PhilippinesSan Miguel, Bohol-Central Visayas-PhilippinesSevilla-Central Visayas-PhilippinesSierra Bullones-Central Visayas-PhilippinesSikatuna-Central Visayas-PhilippinesTagbilaran City-Central Visayas-PhilippinesTalibon-Central Visayas-PhilippinesTrinidad, Bohol-Central Visayas-PhilippinesTubigon-Central Visayas-PhilippinesUbay-Central Visayas-PhilippinesValencia, Bohol-Central Visayas-PhilippinesAlcantara, Cebu-Central Visayas-PhilippinesAlcoy-Central Visayas-PhilippinesAlegria, Cebu-Central Visayas-PhilippinesAloguinsan-Central Visayas-PhilippinesArgao-Central Visayas-PhilippinesAsturias-Central Visayas-PhilippinesBadian-Central Visayas-PhilippinesBalamban-Central Visayas-PhilippinesBantayan-Central Visayas-PhilippinesBarili-Central Visayas-PhilippinesBogo City-Central Visayas-PhilippinesBoljoon-Central Visayas-PhilippinesBorbon-Central Visayas-PhilippinesCarcar City-Central Visayas-PhilippinesCarmen, Cebu-Central Visayas-PhilippinesCatmon-Central Visayas-PhilippinesCompostela, Cebu-Central Visayas-PhilippinesConsolacion-Central Visayas-PhilippinesCordova-Central Visayas-PhilippinesDaanbantayan-Central Visayas-PhilippinesDalaguete-Central Visayas-PhilippinesDanao City, Cebu-Central Visayas-PhilippinesDumanjug-Central Visayas-PhilippinesGinatilan-Central Visayas-PhilippinesLiloan, Cebu-Central Visayas-PhilippinesMadridejos-Central Visayas-PhilippinesMalabuyoc-Central Visayas-PhilippinesMedellin-Central Visayas-PhilippinesMinglanilla-Central Visayas-PhilippinesMoalboal-Central Visayas-PhilippinesNaga City, Cebu-Central Visayas-PhilippinesOslob-Central Visayas-PhilippinesPilar, Cebu-Central Visayas-PhilippinesPinamungajan-Central Visayas-PhilippinesPoro-Central Visayas-PhilippinesRonda-Central Visayas-PhilippinesSamboan-Central Visayas-PhilippinesSan Fernando, Cebu-Central Visayas-PhilippinesSan Francisco, Cebu-Central Visayas-PhilippinesSan Remigio, Cebu-Central Visayas-PhilippinesSanta Fe, Cebu-Central Visayas-PhilippinesSantander-Central Visayas-PhilippinesSibonga-Central Visayas-PhilippinesSogod, Cebu-Central Visayas-PhilippinesTabogon-Central Visayas-PhilippinesTabuelan-Central Visayas-PhilippinesTalisay City, Cebu-Central Visayas-PhilippinesToledo City-Central Visayas-PhilippinesTuburan, Cebu-Central Visayas-PhilippinesTudela, Cebu-Central Visayas-PhilippinesAmlan-Central Visayas-PhilippinesAyungon-Central Visayas-PhilippinesBacong-Central Visayas-PhilippinesBais City-Central Visayas-PhilippinesBasay-Central Visayas-PhilippinesBayawan City-Central Visayas-PhilippinesBindoy-Central Visayas-PhilippinesCanlaon City-Central Visayas-PhilippinesDauin-Central Visayas-PhilippinesDumaguete City-Central Visayas-PhilippinesGuihulngan City-Central Visayas-PhilippinesJimalalud-Central Visayas-PhilippinesLa Libertad, Negros Oriental-Central Visayas-PhilippinesMabinay-Central Visayas-PhilippinesManjuyod-Central Visayas-PhilippinesPamplona, Negros Oriental-Central Visayas-PhilippinesSan Jose, Negros Oriental-Central Visayas-PhilippinesSanta Catalina, Negros Oriental-Central Visayas-PhilippinesSiaton-Central Visayas-PhilippinesSibulan-Central Visayas-PhilippinesTanjay City-Central Visayas-PhilippinesTayasan-Central Visayas-PhilippinesValencia, Negros Oriental-Central Visayas-PhilippinesVallehermoso-Central Visayas-PhilippinesZamboanguita-Central Visayas-PhilippinesEnrique Villanueva-Central Visayas-PhilippinesLarena-Central Visayas-PhilippinesLazi-Central Visayas-PhilippinesMaria-Central Visayas-PhilippinesSan Juan, Siquijor-Central Visayas-PhilippinesSiquijor, Siquijor-Central Visayas-PhilippinesCebu City-Central Visayas-PhilippinesLapu-Lapu City-Central Visayas-PhilippinesMandaue City-Central Visayas-PhilippinesEastern Visayas-PhilippinesAlmeria-Eastern Visayas-PhilippinesBiliran, Biliran-Eastern Visayas-PhilippinesCabucgayan-Eastern Visayas-PhilippinesCaibiran-Eastern Visayas-PhilippinesCulaba-Eastern Visayas-PhilippinesKawayan, Biliran-Eastern Visayas-PhilippinesMaripipi-Eastern Visayas-PhilippinesNaval-Eastern Visayas-PhilippinesArteche-Eastern Visayas-PhilippinesBalangiga-Eastern Visayas-PhilippinesBalangkayan-Eastern Visayas-PhilippinesBorongan City-Eastern Visayas-PhilippinesCan-avid-Eastern Visayas-PhilippinesDolores-Eastern Visayas-PhilippinesGeneral MacArthur-Eastern Visayas-PhilippinesGiporlos-Eastern Visayas-PhilippinesGuiuan-Eastern Visayas-PhilippinesHernani-Eastern Visayas-PhilippinesJipapad-Eastern Visayas-PhilippinesLawaan-Eastern Visayas-PhilippinesLlorente-Eastern Visayas-PhilippinesMaslog-Eastern Visayas-PhilippinesMaydolong-Eastern Visayas-PhilippinesMercedes, Eastern Samar-Eastern Visayas-PhilippinesOras-Eastern Visayas-PhilippinesQuinapondan-Eastern Visayas-PhilippinesSalcedo, Eastern Samar-Eastern Visayas-PhilippinesSan Julian-Eastern Visayas-PhilippinesSan Policarpo-Eastern Visayas-PhilippinesSulat-Eastern Visayas-PhilippinesTaft, Eastern Samar-Eastern Visayas-PhilippinesAbuyog-Eastern Visayas-PhilippinesAlangalang-Eastern Visayas-PhilippinesAlbuera-Eastern Visayas-PhilippinesBabatngon-Eastern Visayas-PhilippinesBarugo-Eastern Visayas-PhilippinesBato, Leyte-Eastern Visayas-PhilippinesBaybay City-Eastern Visayas-PhilippinesBurauen-Eastern Visayas-PhilippinesCalubian-Eastern Visayas-PhilippinesCapoocan-Eastern Visayas-PhilippinesCarigara-Eastern Visayas-PhilippinesDagami-Eastern Visayas-PhilippinesDulag-Eastern Visayas-PhilippinesHilongos-Eastern Visayas-PhilippinesHindang-Eastern Visayas-PhilippinesInopacan-Eastern Visayas-PhilippinesIsabel-Eastern Visayas-PhilippinesJaro-Eastern Visayas-PhilippinesJavier-Eastern Visayas-PhilippinesJulita-Eastern Visayas-PhilippinesKananga-Eastern Visayas-PhilippinesLa Paz, Leyte-Eastern Visayas-PhilippinesLeyte, Leyte-Eastern Visayas-PhilippinesMacArthur-Eastern Visayas-PhilippinesMahaplag-Eastern Visayas-PhilippinesMatag-ob-Eastern Visayas-PhilippinesMatalom-Eastern Visayas-PhilippinesMayorga-Eastern Visayas-PhilippinesMerida-Eastern Visayas-PhilippinesPalo-Eastern Visayas-PhilippinesPalompon-Eastern Visayas-PhilippinesPastrana-Eastern Visayas-PhilippinesSan Isidro, Leyte-Eastern Visayas-PhilippinesSan Miguel, Leyte-Eastern Visayas-PhilippinesSanta Fe, Leyte-Eastern Visayas-PhilippinesTabango-Eastern Visayas-PhilippinesTabontabon-Eastern Visayas-PhilippinesTanauan, Leyte-Eastern Visayas-PhilippinesTolosa-Eastern Visayas-PhilippinesTunga-Eastern Visayas-PhilippinesVillaba-Eastern Visayas-PhilippinesAllen-Eastern Visayas-PhilippinesBiri-Eastern Visayas-PhilippinesBobon-Eastern Visayas-PhilippinesCapul-Eastern Visayas-PhilippinesCatarman, Northern Samar-Eastern Visayas-PhilippinesCatubig-Eastern Visayas-PhilippinesGamay-Eastern Visayas-PhilippinesLaoang-Eastern Visayas-PhilippinesLapinig-Eastern Visayas-PhilippinesLas Navas-Eastern Visayas-PhilippinesLavezares-Eastern Visayas-PhilippinesLope De Vega-Eastern Visayas-PhilippinesMapanas-Eastern Visayas-PhilippinesMondragon-Eastern Visayas-PhilippinesPalapag-Eastern Visayas-PhilippinesPambujan-Eastern Visayas-PhilippinesRosario, Northern Samar-Eastern Visayas-PhilippinesSan Antonio, Northern Samar-Eastern Visayas-PhilippinesSan Isidro, Northern Samar-Eastern Visayas-PhilippinesSan Jose, Northern Samar-Eastern Visayas-PhilippinesSan Roque, Northern Samar-Eastern Visayas-PhilippinesSan Vicente, Northern Samar-Eastern Visayas-PhilippinesSilvino Lobos-Eastern Visayas-PhilippinesVictoria, Northern Samar-Eastern Visayas-PhilippinesAlmagro-Eastern Visayas-PhilippinesBasey-Eastern Visayas-PhilippinesCalbayog City-Eastern Visayas-PhilippinesCalbiga-Eastern Visayas-PhilippinesCatbalogan City-Eastern Visayas-PhilippinesDaram-Eastern Visayas-PhilippinesGandara-Eastern Visayas-PhilippinesHinabangan-Eastern Visayas-PhilippinesJiabong-Eastern Visayas-PhilippinesMarabut-Eastern Visayas-PhilippinesMatuguinao-Eastern Visayas-PhilippinesMotiong-Eastern Visayas-PhilippinesPagsanghan-Eastern Visayas-PhilippinesParanas-Eastern Visayas-PhilippinesPinabacdao-Eastern Visayas-PhilippinesSan Jorge-Eastern Visayas-PhilippinesSan Jose de Buan-Eastern Visayas-PhilippinesSan Sebastian, Samar-Eastern Visayas-PhilippinesSanta Margarita, Samar-Eastern Visayas-PhilippinesSanta Rita, Samar-Eastern Visayas-PhilippinesSanto Niño, Samar-Eastern Visayas-PhilippinesTagapul-an-Eastern Visayas-PhilippinesTalalora-Eastern Visayas-PhilippinesTarangnan-Eastern Visayas-PhilippinesVillareal-Eastern Visayas-PhilippinesZumarraga-Eastern Visayas-PhilippinesAnahawan-Eastern Visayas-PhilippinesBontoc-Eastern Visayas-PhilippinesHinunangan-Eastern Visayas-PhilippinesHinundayan-Eastern Visayas-PhilippinesLibagon-Eastern Visayas-PhilippinesLiloan, Southern Leyte-Eastern Visayas-PhilippinesLimasawa-Eastern Visayas-PhilippinesMaasin City, Southern Leyte-Eastern Visayas-PhilippinesMacrohon-Eastern Visayas-PhilippinesMalitbog, Southern Leyte-Eastern Visayas-PhilippinesPadre Burgos, Southern Leyte-Eastern Visayas-PhilippinesPintuyan-Eastern Visayas-PhilippinesSaint Bernard-Eastern Visayas-PhilippinesSan Francisco, Southern Leyte-Eastern Visayas-PhilippinesSan Juan, Southern Leyte-Eastern Visayas-PhilippinesSan Ricardo, Southern Leyte-Eastern Visayas-PhilippinesSilago-Eastern Visayas-PhilippinesSogod, Southern Leyte-Eastern Visayas-PhilippinesTomas Oppus-Eastern Visayas-PhilippinesOrmoc City-Eastern Visayas-PhilippinesTacloban City-Eastern Visayas-PhilippinesZamboanga Peninsula-PhilippinesBaliguian-Zamboanga Peninsula-PhilippinesDapitan City-Zamboanga Peninsula-PhilippinesDipolog City-Zamboanga Peninsula-PhilippinesGodod-Zamboanga Peninsula-PhilippinesGutalac-Zamboanga Peninsula-PhilippinesJose Dalman-Zamboanga Peninsula-PhilippinesKalawit-Zamboanga Peninsula-PhilippinesKatipunan-Zamboanga Peninsula-PhilippinesLa Libertad, Zamboanga Del Norte-Zamboanga Peninsula-PhilippinesLabason-Zamboanga Peninsula-PhilippinesLeon B. Postigo-Zamboanga Peninsula-PhilippinesLiloy-Zamboanga Peninsula-PhilippinesManukan-Zamboanga Peninsula-PhilippinesMutia-Zamboanga Peninsula-PhilippinesPolanco-Zamboanga Peninsula-PhilippinesPresident Manuel A. Roxas-Zamboanga Peninsula-PhilippinesRizal, Zamboanga Del Norte-Zamboanga Peninsula-PhilippinesSalug-Zamboanga Peninsula-PhilippinesSergio Osmeña Sr.-Zamboanga Peninsula-PhilippinesSiayan-Zamboanga Peninsula-PhilippinesSibuco-Zamboanga Peninsula-PhilippinesSibutad-Zamboanga Peninsula-PhilippinesSindangan-Zamboanga Peninsula-PhilippinesSiocon-Zamboanga Peninsula-PhilippinesSirawai-Zamboanga Peninsula-PhilippinesTampilisan-Zamboanga Peninsula-PhilippinesAurora, Zamboanga Del Sur-Zamboanga Peninsula-PhilippinesBayog-Zamboanga Peninsula-PhilippinesDimataling-Zamboanga Peninsula-PhilippinesDinas-Zamboanga Peninsula-PhilippinesDumalinao-Zamboanga Peninsula-PhilippinesDumingag-Zamboanga Peninsula-PhilippinesGuipos-Zamboanga Peninsula-PhilippinesJosefina-Zamboanga Peninsula-PhilippinesKumalarang-Zamboanga Peninsula-PhilippinesLabangan-Zamboanga Peninsula-PhilippinesLakewood-Zamboanga Peninsula-PhilippinesLapuyan-Zamboanga Peninsula-PhilippinesMahayag-Zamboanga Peninsula-PhilippinesMargosatubig-Zamboanga Peninsula-PhilippinesMidsalip-Zamboanga Peninsula-PhilippinesMolave-Zamboanga Peninsula-PhilippinesPagadian City-Zamboanga Peninsula-PhilippinesPitogo, Zamboanga Del Sur-Zamboanga Peninsula-PhilippinesRamon Magsaysay-Zamboanga Peninsula-PhilippinesSan Miguel, Zamboanga Del Sur-Zamboanga Peninsula-PhilippinesSan Pablo, Zamboanga Del Sur-Zamboanga Peninsula-PhilippinesSominot-Zamboanga Peninsula-PhilippinesTabina-Zamboanga Peninsula-PhilippinesTambulig-Zamboanga Peninsula-PhilippinesTigbao-Zamboanga Peninsula-PhilippinesTukuran-Zamboanga Peninsula-PhilippinesVincenzo A. Sagun-Zamboanga Peninsula-PhilippinesAlicia, Zamboanga Sibugay-Zamboanga Peninsula-PhilippinesBuug-Zamboanga Peninsula-PhilippinesDiplahan-Zamboanga Peninsula-PhilippinesImelda, Zamboanga Sibugay-Zamboanga Peninsula-PhilippinesIpil-Zamboanga Peninsula-PhilippinesKabasalan-Zamboanga Peninsula-PhilippinesMabuhay-Zamboanga Peninsula-PhilippinesMalangas-Zamboanga Peninsula-PhilippinesNaga, Zamboanga Sibugay-Zamboanga Peninsula-PhilippinesOlutanga-Zamboanga Peninsula-PhilippinesPayao-Zamboanga Peninsula-PhilippinesRoseller Lim-Zamboanga Peninsula-PhilippinesSiay-Zamboanga Peninsula-PhilippinesTalusan-Zamboanga Peninsula-PhilippinesTitay-Zamboanga Peninsula-PhilippinesTungawan-Zamboanga Peninsula-PhilippinesIsabela City-Zamboanga Peninsula-PhilippinesPiñan-Zamboanga Peninsula-PhilippinesZamboanga City-Zamboanga Peninsula-PhilippinesNorthern Mindanao-PhilippinesBaungon-Northern Mindanao-PhilippinesCabanglasan-Northern Mindanao-PhilippinesDamulog-Northern Mindanao-PhilippinesDangcagan-Northern Mindanao-PhilippinesDon Carlos-Northern Mindanao-PhilippinesImpasugong-Northern Mindanao-PhilippinesKadingilan-Northern Mindanao-PhilippinesKalilangan-Northern Mindanao-PhilippinesKibawe-Northern Mindanao-PhilippinesKitaotao-Northern Mindanao-PhilippinesLantapan-Northern Mindanao-PhilippinesLibona-Northern Mindanao-PhilippinesMalaybalay City-Northern Mindanao-PhilippinesMalitbog, Bukidnon-Northern Mindanao-PhilippinesManolo Fortich-Northern Mindanao-PhilippinesMaramag-Northern Mindanao-PhilippinesPangantucan-Northern Mindanao-PhilippinesQuezon, Bukidnon-Northern Mindanao-PhilippinesSan Fernando, Bukidnon-Northern Mindanao-PhilippinesSumilao-Northern Mindanao-PhilippinesTalakag-Northern Mindanao-PhilippinesValencia City-Northern Mindanao-PhilippinesCatarman, Camiguin-Northern Mindanao-PhilippinesGuinsiliban-Northern Mindanao-PhilippinesMahinog-Northern Mindanao-PhilippinesMambajao-Northern Mindanao-PhilippinesSagay, Camiguin-Northern Mindanao-PhilippinesBacolod, Lanao Del Norte-Northern Mindanao-PhilippinesBaloi-Northern Mindanao-PhilippinesBaroy-Northern Mindanao-PhilippinesKapatagan, Lanao Del Norte-Northern Mindanao-PhilippinesKauswagan-Northern Mindanao-PhilippinesKolambugan-Northern Mindanao-PhilippinesLala-Northern Mindanao-PhilippinesLinamon-Northern Mindanao-PhilippinesMagsaysay, Lanao Del Norte-Northern Mindanao-PhilippinesMaigo-Northern Mindanao-PhilippinesMatungao-Northern Mindanao-PhilippinesMunai-Northern Mindanao-PhilippinesNunungan-Northern Mindanao-PhilippinesPantao Ragat-Northern Mindanao-PhilippinesPantar-Northern Mindanao-PhilippinesPoona Piagapo-Northern Mindanao-PhilippinesSalvador-Northern Mindanao-PhilippinesSapad-Northern Mindanao-PhilippinesSultan Naga Dimaporo-Northern Mindanao-PhilippinesTagoloan, Lanao Del Norte-Northern Mindanao-PhilippinesTangcal-Northern Mindanao-PhilippinesTubod, Lanao del Norte-Northern Mindanao-PhilippinesAloran-Northern Mindanao-PhilippinesBaliangao-Northern Mindanao-PhilippinesBonifacio-Northern Mindanao-PhilippinesCalamba, Misamis Occidental-Northern Mindanao-PhilippinesClarin, Misamis Occidental-Northern Mindanao-PhilippinesConcepcion, Misamis Occidental-Northern Mindanao-PhilippinesDon Victoriano Chiongbian-Northern Mindanao-PhilippinesJimenez-Northern Mindanao-PhilippinesLopez Jaena-Northern Mindanao-PhilippinesOroquieta City-Northern Mindanao-PhilippinesOzamiz City-Northern Mindanao-PhilippinesPanaon-Northern Mindanao-PhilippinesPlaridel, Misamis Occidental-Northern Mindanao-PhilippinesSapang Dalaga-Northern Mindanao-PhilippinesSinacaban-Northern Mindanao-PhilippinesTangub City-Northern Mindanao-PhilippinesTudela, Misamis Occidental-Northern Mindanao-PhilippinesAlubijid-Northern Mindanao-PhilippinesBalingasag-Northern Mindanao-PhilippinesBalingoan-Northern Mindanao-PhilippinesBinuangan-Northern Mindanao-PhilippinesClaveria, Misamis Oriental-Northern Mindanao-PhilippinesEl Salvador City-Northern Mindanao-PhilippinesGingoog City-Northern Mindanao-PhilippinesGitagum-Northern Mindanao-PhilippinesInitao-Northern Mindanao-PhilippinesJasaan-Northern Mindanao-PhilippinesKinoguitan-Northern Mindanao-PhilippinesLagonglong-Northern Mindanao-PhilippinesLaguindingan-Northern Mindanao-PhilippinesLibertad, Misamis Oriental-Northern Mindanao-PhilippinesLugait-Northern Mindanao-PhilippinesMagsaysay, Misamis Oriental-Northern Mindanao-PhilippinesManticao-Northern Mindanao-PhilippinesMedina-Northern Mindanao-PhilippinesNaawan-Northern Mindanao-PhilippinesOpol-Northern Mindanao-PhilippinesSalay-Northern Mindanao-PhilippinesSugbongcogon-Northern Mindanao-PhilippinesTagoloan, Misamis Oriental-Northern Mindanao-PhilippinesTalisayan-Northern Mindanao-PhilippinesVillanueva-Northern Mindanao-PhilippinesCagayan de Oro City-Northern Mindanao-PhilippinesIligan City-Northern Mindanao-PhilippinesDavao Region-PhilippinesCompostela, Compostela Valley-Davao Region-PhilippinesLaak-Davao Region-PhilippinesMabini, Compostela Valley-Davao Region-PhilippinesMaco-Davao Region-PhilippinesMaragusan-Davao Region-PhilippinesMawab-Davao Region-PhilippinesMonkayo-Davao Region-PhilippinesMontevista-Davao Region-PhilippinesNabunturan-Davao Region-PhilippinesNew Bataan-Davao Region-PhilippinesPantukan-Davao Region-PhilippinesAsuncion-Davao Region-PhilippinesBraulio E. Dujali-Davao Region-PhilippinesCarmen, Davao Del Norte-Davao Region-PhilippinesIsland Garden City of Samal-Davao Region-PhilippinesKapalong-Davao Region-PhilippinesNew Corella-Davao Region-PhilippinesPanabo City-Davao Region-PhilippinesSan Isidro, Davao Del Norte-Davao Region-PhilippinesSanto Tomas, Davao Del Norte-Davao Region-PhilippinesTagum City-Davao Region-PhilippinesTalaingod-Davao Region-PhilippinesBansalan-Davao Region-PhilippinesDigos City-Davao Region-PhilippinesHagonoy, Davao Del Sur-Davao Region-PhilippinesKiblawan-Davao Region-PhilippinesMagsaysay, Davao Del Sur-Davao Region-PhilippinesMalalag-Davao Region-PhilippinesMatanao-Davao Region-PhilippinesPadada-Davao Region-PhilippinesSanta Cruz, Davao Del Sur-Davao Region-PhilippinesSulop-Davao Region-PhilippinesBaganga-Davao Region-PhilippinesBanaybanay-Davao Region-PhilippinesBoston-Davao Region-PhilippinesCaraga, Davao Oriental-Davao Region-PhilippinesCateel-Davao Region-PhilippinesGovernor Generoso-Davao Region-PhilippinesLupon-Davao Region-PhilippinesManay-Davao Region-PhilippinesMati City-Davao Region-PhilippinesSan Isidro, Davao Oriental-Davao Region-PhilippinesTarragona-Davao Region-PhilippinesDon Marcelino-Davao Region-PhilippinesJose Abad Santos-Davao Region-PhilippinesMalita-Davao Region-PhilippinesSanta Maria, Davao Occidental-Davao Region-PhilippinesSarangani, Davao Occidental-Davao Region-PhilippinesDavao City-Davao Region-PhilippinesSOCCSKSARGEN-PhilippinesAlamada-SOCCSKSARGEN-PhilippinesAleosan-SOCCSKSARGEN-PhilippinesAntipas-SOCCSKSARGEN-PhilippinesArakan-SOCCSKSARGEN-PhilippinesBanisilan-SOCCSKSARGEN-PhilippinesCarmen, Cotabato-SOCCSKSARGEN-PhilippinesKabacan-SOCCSKSARGEN-PhilippinesKidapawan City-SOCCSKSARGEN-PhilippinesLibungan-SOCCSKSARGEN-PhilippinesM'lang-SOCCSKSARGEN-PhilippinesMagpet-SOCCSKSARGEN-PhilippinesMakilala-SOCCSKSARGEN-PhilippinesMatalam-SOCCSKSARGEN-PhilippinesMidsayap-SOCCSKSARGEN-PhilippinesPigcawayan-SOCCSKSARGEN-PhilippinesPikit-SOCCSKSARGEN-PhilippinesPresident Roxas, Cotabato-SOCCSKSARGEN-PhilippinesTulunan-SOCCSKSARGEN-PhilippinesAlabel-SOCCSKSARGEN-PhilippinesGlan-SOCCSKSARGEN-PhilippinesKiamba-SOCCSKSARGEN-PhilippinesMaasim-SOCCSKSARGEN-PhilippinesMaitum-SOCCSKSARGEN-PhilippinesMalapatan-SOCCSKSARGEN-PhilippinesMalungon-SOCCSKSARGEN-PhilippinesBanga, South Cotabato-SOCCSKSARGEN-PhilippinesKoronadal City-SOCCSKSARGEN-PhilippinesLake Sebu-SOCCSKSARGEN-PhilippinesNorala-SOCCSKSARGEN-PhilippinesPolomolok-SOCCSKSARGEN-PhilippinesSanto Niño, South Cotabato-SOCCSKSARGEN-PhilippinesSurallah-SOCCSKSARGEN-PhilippinesT'Boli-SOCCSKSARGEN-PhilippinesTampakan-SOCCSKSARGEN-PhilippinesTantangan-SOCCSKSARGEN-PhilippinesTupi-SOCCSKSARGEN-PhilippinesBagumbayan-SOCCSKSARGEN-PhilippinesColumbio-SOCCSKSARGEN-PhilippinesEsperanza, Sultan Kudarat-SOCCSKSARGEN-PhilippinesIsulan-SOCCSKSARGEN-PhilippinesKalamansig-SOCCSKSARGEN-PhilippinesLambayong-SOCCSKSARGEN-PhilippinesLebak-SOCCSKSARGEN-PhilippinesLutayan-SOCCSKSARGEN-PhilippinesPalimbang-SOCCSKSARGEN-PhilippinesPresident Quirino-SOCCSKSARGEN-PhilippinesSenator Ninoy Aquino-SOCCSKSARGEN-PhilippinesTacurong City-SOCCSKSARGEN-PhilippinesGeneral Santos City-SOCCSKSARGEN-PhilippinesCaraga Region-PhilippinesBuenavista, Agusan Del Norte-Caraga Region-PhilippinesCabadbaran City-Caraga Region-PhilippinesCarmen, Agusan Del Norte-Caraga Region-PhilippinesJabonga-Caraga Region-PhilippinesKitcharao-Caraga Region-PhilippinesLas Nieves-Caraga Region-PhilippinesMagallanes, Agusan Del Norte-Caraga Region-PhilippinesNasipit-Caraga Region-PhilippinesRemedios T. Romualdez-Caraga Region-PhilippinesSantiago, Agusan Del Norte-Caraga Region-PhilippinesTubay-Caraga Region-PhilippinesBayugan City-Caraga Region-PhilippinesBunawan-Caraga Region-PhilippinesEsperanza, Agusan Del Sur-Caraga Region-PhilippinesLa Paz, Agusan Del Sur-Caraga Region-PhilippinesLoreto, Agusan Del Sur-Caraga Region-PhilippinesProsperidad-Caraga Region-PhilippinesRosario, Agusan Del Sur-Caraga Region-PhilippinesSan Francisco, Agusan Del Sur-Caraga Region-PhilippinesSan Luis, Agusan Del Sur-Caraga Region-PhilippinesSanta Josefa-Caraga Region-PhilippinesSibagat-Caraga Region-PhilippinesTalacogon-Caraga Region-PhilippinesTrento-Caraga Region-PhilippinesVeruela-Caraga Region-PhilippinesBasilisa-Caraga Region-PhilippinesCagdianao-Caraga Region-PhilippinesDinagat, Dinagat Islands-Caraga Region-PhilippinesLibjo-Caraga Region-PhilippinesLoreto, Dinagat Islands-Caraga Region-PhilippinesSan Jose, Dinagat Islands-Caraga Region-PhilippinesTubajon-Caraga Region-PhilippinesAlegria, Surigao Del Norte-Caraga Region-PhilippinesBacuag-Caraga Region-PhilippinesBurgos, Surigao Del Norte-Caraga Region-PhilippinesClaver-Caraga Region-PhilippinesDapa-Caraga Region-PhilippinesDel Carmen-Caraga Region-PhilippinesGeneral Luna, Surigao Del Norte-Caraga Region-PhilippinesGigaquit-Caraga Region-PhilippinesMainit-Caraga Region-PhilippinesMalimono-Caraga Region-PhilippinesPilar, Surigao Del Norte-Caraga Region-PhilippinesPlacer, Surigao Del Norte-Caraga Region-PhilippinesSan Benito-Caraga Region-PhilippinesSan Francisco, Surigao Del Norte-Caraga Region-PhilippinesSan Isidro, Surigao Del Norte-Caraga Region-PhilippinesSanta Monica, Surigao Del Norte-Caraga Region-PhilippinesSison, Surigao Del Norte-Caraga Region-PhilippinesSocorro, Surigao Del Norte-Caraga Region-PhilippinesSurigao City-Caraga Region-PhilippinesTagana-an-Caraga Region-PhilippinesTubod, Surigao Del Norte-Caraga Region-PhilippinesBarobo-Caraga Region-PhilippinesBayabas-Caraga Region-PhilippinesBislig City-Caraga Region-PhilippinesCagwait-Caraga Region-PhilippinesCantilan-Caraga Region-PhilippinesCarmen, Surigao Del Sur-Caraga Region-PhilippinesCarrascal-Caraga Region-PhilippinesCortes, Surigao Del Sur-Caraga Region-PhilippinesHinatuan-Caraga Region-PhilippinesLanuza-Caraga Region-PhilippinesLianga-Caraga Region-PhilippinesLingig-Caraga Region-PhilippinesMadrid-Caraga Region-PhilippinesMarihatag-Caraga Region-PhilippinesSan Agustin, Surigao Del Sur-Caraga Region-PhilippinesSan Miguel, Surigao Del Sur-Caraga Region-PhilippinesTagbina-Caraga Region-PhilippinesTago-Caraga Region-PhilippinesTandag City-Caraga Region-PhilippinesButuan City-Caraga Region-PhilippinesBangsamoro Autonomous Region in Muslim Mindanao-PhilippinesAkbar-Bangsamoro Autonomous Region in Muslim Mindanao-PhilippinesAl-Barka-Bangsamoro Autonomous Region in Muslim Mindanao-PhilippinesHadji Mohammad Ajul-Bangsamoro Autonomous Region in Muslim Mindanao-PhilippinesHadji Muhtamad-Bangsamoro Autonomous Region in Muslim Mindanao-PhilippinesLamitan City-Bangsamoro Autonomous Region in Muslim Mindanao-PhilippinesLantawan-Bangsamoro Autonomous Region in Muslim Mindanao-PhilippinesMaluso-Bangsamoro Autonomous Region in Muslim Mindanao-PhilippinesSumisip-Bangsamoro Autonomous Region in Muslim Mindanao-PhilippinesTabuan-Lasa-Bangsamoro Autonomous Region in Muslim Mindanao-PhilippinesTipo-Tipo-Bangsamoro Autonomous Region in Muslim Mindanao-PhilippinesTuburan, Basilan-Bangsamoro Autonomous Region in Muslim Mindanao-PhilippinesUngkaya Pukan-Bangsamoro Autonomous Region in Muslim Mindanao-PhilippinesAmai Manabilang-Bangsamoro Autonomous Region in Muslim Mindanao-PhilippinesBacolod-Kalawi-Bangsamoro Autonomous Region in Muslim Mindanao-PhilippinesBalabagan-Bangsamoro Autonomous Region in Muslim Mindanao-PhilippinesBalindong-Bangsamoro Autonomous Region in Muslim Mindanao-PhilippinesBayang-Bangsamoro Autonomous Region in Muslim Mindanao-PhilippinesBinidayan-Bangsamoro Autonomous Region in Muslim Mindanao-PhilippinesBuadiposo-Buntong-Bangsamoro Autonomous Region in Muslim Mindanao-PhilippinesBubong-Bangsamoro Autonomous Region in Muslim Mindanao-PhilippinesButig-Bangsamoro Autonomous Region in Muslim Mindanao-PhilippinesCalanogas-Bangsamoro Autonomous Region in Muslim Mindanao-PhilippinesDitsaan-Ramain-Bangsamoro Autonomous Region in Muslim Mindanao-PhilippinesGanassi-Bangsamoro Autonomous Region in Muslim Mindanao-PhilippinesKapai-Bangsamoro Autonomous Region in Muslim Mindanao-PhilippinesKapatagan, Lanao Del Sur-Bangsamoro Autonomous Region in Muslim Mindanao-PhilippinesLumba-Bayabao-Bangsamoro Autonomous Region in Muslim Mindanao-PhilippinesLumbaca-Unayan-Bangsamoro Autonomous Region in Muslim Mindanao-PhilippinesLumbatan-Bangsamoro Autonomous Region in Muslim Mindanao-PhilippinesLumbayanague-Bangsamoro Autonomous Region in Muslim Mindanao-PhilippinesMadalum-Bangsamoro Autonomous Region in Muslim Mindanao-PhilippinesMadamba-Bangsamoro Autonomous Region in Muslim Mindanao-PhilippinesMaguing-Bangsamoro Autonomous Region in Muslim Mindanao-PhilippinesMalabang-Bangsamoro Autonomous Region in Muslim Mindanao-PhilippinesMarantao-Bangsamoro Autonomous Region in Muslim Mindanao-PhilippinesMarawi City-Bangsamoro Autonomous Region in Muslim Mindanao-PhilippinesMarogong-Bangsamoro Autonomous Region in Muslim Mindanao-PhilippinesMasiu-Bangsamoro Autonomous Region in Muslim Mindanao-PhilippinesMulondo-Bangsamoro Autonomous Region in Muslim Mindanao-PhilippinesPagayawan-Bangsamoro Autonomous Region in Muslim Mindanao-PhilippinesPiagapo-Bangsamoro Autonomous Region in Muslim Mindanao-PhilippinesPicong-Bangsamoro Autonomous Region in Muslim Mindanao-PhilippinesPoona Bayabao-Bangsamoro Autonomous Region in Muslim Mindanao-PhilippinesPualas-Bangsamoro Autonomous Region in Muslim Mindanao-PhilippinesSaguiaran-Bangsamoro Autonomous Region in Muslim Mindanao-PhilippinesSultan Dumalondong-Bangsamoro Autonomous Region in Muslim Mindanao-PhilippinesTagoloan II-Bangsamoro Autonomous Region in Muslim Mindanao-PhilippinesTamparan-Bangsamoro Autonomous Region in Muslim Mindanao-PhilippinesTaraka-Bangsamoro Autonomous Region in Muslim Mindanao-PhilippinesTubaran-Bangsamoro Autonomous Region in Muslim Mindanao-PhilippinesTugaya-Bangsamoro Autonomous Region in Muslim Mindanao-PhilippinesWao-Bangsamoro Autonomous Region in Muslim Mindanao-PhilippinesAmpatuan-Bangsamoro Autonomous Region in Muslim Mindanao-PhilippinesBarira-Bangsamoro Autonomous Region in Muslim Mindanao-PhilippinesBuldon-Bangsamoro Autonomous Region in Muslim Mindanao-PhilippinesBuluan-Bangsamoro Autonomous Region in Muslim Mindanao-PhilippinesDatu Abdullah Sangki-Bangsamoro Autonomous Region in Muslim Mindanao-PhilippinesDatu Anggal Midtimbang-Bangsamoro Autonomous Region in Muslim Mindanao-PhilippinesDatu Blah T. Sinsuat-Bangsamoro Autonomous Region in Muslim Mindanao-PhilippinesDatu Hoffer Ampatuan-Bangsamoro Autonomous Region in Muslim Mindanao-PhilippinesDatu Montawal-Bangsamoro Autonomous Region in Muslim Mindanao-PhilippinesDatu Odin Sinsuat-Bangsamoro Autonomous Region in Muslim Mindanao-PhilippinesDatu Paglas-Bangsamoro Autonomous Region in Muslim Mindanao-PhilippinesDatu Piang-Bangsamoro Autonomous Region in Muslim Mindanao-PhilippinesDatu Salibo-Bangsamoro Autonomous Region in Muslim Mindanao-PhilippinesDatu Saudi-Ampatuan-Bangsamoro Autonomous Region in Muslim Mindanao-PhilippinesDatu Unsay-Bangsamoro Autonomous Region in Muslim Mindanao-PhilippinesGeneral Salipada K. Pendatun-Bangsamoro Autonomous Region in Muslim Mindanao-PhilippinesGuindulungan-Bangsamoro Autonomous Region in Muslim Mindanao-PhilippinesKabuntalan-Bangsamoro Autonomous Region in Muslim Mindanao-PhilippinesMamasapano-Bangsamoro Autonomous Region in Muslim Mindanao-PhilippinesMangudadatu-Bangsamoro Autonomous Region in Muslim Mindanao-PhilippinesMatanog-Bangsamoro Autonomous Region in Muslim Mindanao-PhilippinesNorthern Kabuntalan-Bangsamoro Autonomous Region in Muslim Mindanao-PhilippinesPagalungan-Bangsamoro Autonomous Region in Muslim Mindanao-PhilippinesPaglat-Bangsamoro Autonomous Region in Muslim Mindanao-PhilippinesPandag-Bangsamoro Autonomous Region in Muslim Mindanao-PhilippinesParang, Maguindanao-Bangsamoro Autonomous Region in Muslim Mindanao-PhilippinesRajah Buayan-Bangsamoro Autonomous Region in Muslim Mindanao-PhilippinesShariff Aguak-Bangsamoro Autonomous Region in Muslim Mindanao-PhilippinesShariff Saydona Mustapha-Bangsamoro Autonomous Region in Muslim Mindanao-PhilippinesSouth Upi-Bangsamoro Autonomous Region in Muslim Mindanao-PhilippinesSultan Kudarat, Maguindanao-Bangsamoro Autonomous Region in Muslim Mindanao-PhilippinesSultan Mastura-Bangsamoro Autonomous Region in Muslim Mindanao-PhilippinesSultan Sa Barongis-Bangsamoro Autonomous Region in Muslim Mindanao-PhilippinesSultan Sumagka-Bangsamoro Autonomous Region in Muslim Mindanao-PhilippinesTalayan-Bangsamoro Autonomous Region in Muslim Mindanao-PhilippinesUpi-Bangsamoro Autonomous Region in Muslim Mindanao-PhilippinesBanguingui-Bangsamoro Autonomous Region in Muslim Mindanao-PhilippinesHadji Panglima Tahil-Bangsamoro Autonomous Region in Muslim Mindanao-PhilippinesIndanan-Bangsamoro Autonomous Region in Muslim Mindanao-PhilippinesJolo-Bangsamoro Autonomous Region in Muslim Mindanao-PhilippinesKalingalan Caluang-Bangsamoro Autonomous Region in Muslim Mindanao-PhilippinesLugus-Bangsamoro Autonomous Region in Muslim Mindanao-PhilippinesLuuk-Bangsamoro Autonomous Region in Muslim Mindanao-PhilippinesMaimbung-Bangsamoro Autonomous Region in Muslim Mindanao-PhilippinesOld Panamao-Bangsamoro Autonomous Region in Muslim Mindanao-PhilippinesOmar-Bangsamoro Autonomous Region in Muslim Mindanao-PhilippinesPandami-Bangsamoro Autonomous Region in Muslim Mindanao-PhilippinesPanglima Estino-Bangsamoro Autonomous Region in Muslim Mindanao-PhilippinesPangutaran-Bangsamoro Autonomous Region in Muslim Mindanao-PhilippinesParang, Sulu-Bangsamoro Autonomous Region in Muslim Mindanao-PhilippinesPata-Bangsamoro Autonomous Region in Muslim Mindanao-PhilippinesPatikul-Bangsamoro Autonomous Region in Muslim Mindanao-PhilippinesSiasi-Bangsamoro Autonomous Region in Muslim Mindanao-PhilippinesTalipao-Bangsamoro Autonomous Region in Muslim Mindanao-PhilippinesTapul-Bangsamoro Autonomous Region in Muslim Mindanao-PhilippinesBongao-Bangsamoro Autonomous Region in Muslim Mindanao-PhilippinesLanguyan-Bangsamoro Autonomous Region in Muslim Mindanao-PhilippinesMapun-Bangsamoro Autonomous Region in Muslim Mindanao-PhilippinesPanglima Sugala-Bangsamoro Autonomous Region in Muslim Mindanao-PhilippinesSapa-Sapa-Bangsamoro Autonomous Region in Muslim Mindanao-PhilippinesSibutu-Bangsamoro Autonomous Region in Muslim Mindanao-PhilippinesSimunul-Bangsamoro Autonomous Region in Muslim Mindanao-PhilippinesSitangkai-Bangsamoro Autonomous Region in Muslim Mindanao-PhilippinesSouth Ubian-Bangsamoro Autonomous Region in Muslim Mindanao-PhilippinesTandubas-Bangsamoro Autonomous Region in Muslim Mindanao-PhilippinesTurtle Islands-Bangsamoro Autonomous Region in Muslim Mindanao-PhilippinesCotabato City-Bangsamoro Autonomous Region in Muslim Mindanao-PhilippinesLocationThis field is required. 
 AccountingAdministrative & Office SupportAdvertising, Arts & MediaAgriculture & Wildlife ConservationBanking & FinanceBPO & Call CenterCommunity Development & ServicesConstructionConsulting & StrategyDesign & ArchitectureE-Commerce / InternetEducation & TrainingEngineeringEnvironmental Health & SafetyFood & BeverageGeneral Services & UtilityGeneral/Top ManagementGovernment & DefenseHospitality & TourismHuman Resources & RecruitmentInformation & Communications TechnologyInsuranceLaw/Legal ServicesManufacturing, Transport & LogisticsMarketing & CommunicationsMedical & HealthcareMining, Resources & EnergyReal Estate & PropertyRetail & Consumer ProductsSalesSciencesSports, Fitness & RecreationIndustryThis field is required. 
 All Accounting JobsAccounting Officers/ClerksAccounts PayableAccounts Receivable & Credit ControlAccounting AnalysisAssistant AccountantsAuditingBookkeepingCompany SecretariesComplianceCost AccountingFinancial Accounting & ReportingFixed Assets InventoryForensic AccountingInsolvency & Corporate RecoveryIT AuditAccounting ManagementManagerial AccountingPayroll & TimekeepingStrategy & PlanningTax AccountingTreasury AccountingAll Administrative & Office Support JobsAdministrative Assistants/SecretariesContract AdministrationData EntryOffice ManagementReceptionistsRecords Management & Document ControlAll Advertising, Arts & MediaAccount ManagementAdvertising & Arts ManagementArt DirectionEditing & PublishingEntertainment & Performing ArtsGraphic DesignIllustration & AnimationJournalism & CopywritingMedia Programming & ProductionMedia Strategy, Planning & BuyingMultimedia/Creative DesignPhotographyPromotionsPublic RelationsAll Agriculture & Wildlife Conservation JobsAgronomy & AgribusinessFarm Labor & ManagementFishing & AquacultureHorticulture, Forestry & FloristryVeterinary Medicine & Animal WelfareWildlife Conservation & ParksWinery & ViticultureAll Banking & Finance JobsBanking Account/Relationship ManagementActuariesWholesale and Commercial BankingBusiness/Corporate AdvisoryClaimsAsset Management and Custody OpsCorporate & Institutional BankingCorporate FinanceCorporate GovernanceCredit & RiskEconomistFinancial Analysis & ReportingFinancial Planning/Wealth ManagementFinancial UnderwritingFunds ManagementCompliance & AuditLoans & MortgagesBanking ManagementRegulatory CompliancePrivate & Retail BankingRisk ManagementInvestment Banking and Hedge FundsTreasury ManagementAll Call Center & Customer Service JobsCollectionsCustomer ServiceCall Center ServicesTechnical & Helpdesk SupportTelesales (Inbound & Outbound)All Community Development & Services JobsAged & Disability SupportChild/Youth Welfare & Family ServicesCommunity DevelopmentCommunity Services ManagementEmployment ServicesFundraisingHousing Support/ServicesIndigenous & Multicultural ServicesSocial ServicesVolunteer SupportAll Construction JobsConstruction Contract AdministrationCost EstimatingEnvironment, Health & SafetyConstruction ManagementMasonry & CarpentryPlanning & SchedulingPlant & Machinery OperationProject ManagementProperty/Real Estate ConstructionQuality Assurance & ControlQuantity SurveyAll Design & Architecture JobsArchitectural DraftingArchitectureFashion & Textile DesignIndustrial DesignInterior DesignLandscape ArchitectureUrban Design & PlanningAll Education & Training JobsChildcareInstructional DesignLanguage Training & TranslationLibrary ScienceManagement - SchoolsManagement - UniversitiesManagement - VocationalResearch FellowshipsStudent ServicesTeaching - Early ChildhoodTeaching - PrimaryTeaching - SecondaryTeaching - TertiaryTeaching - VocationalTeaching Aids & Special NeedsTraining & DevelopmentTutoringAll Engineering JobsAerospace EngineeringArchitectural EngineeringAutomotive EngineeringChemical EngineeringCivil EngineeringConstruction EngineeringElectrical EngineeringElectronic EngineeringEngineering DraftingEngineering ManagementEnvironmental EngineeringField EngineeringHydraulic EngineeringIndustrial EngineeringMaintenance EngineeringMechanical EngineeringMechatronics EngineeringMaterials Handling/Management EngineeringOil and Gas EngineeringProcess EngineeringProject Engineering/ManagementStructural EngineeringSystems EngineeringAll General/Top Management JobsCEO & COOManaging Director/General ManagerAll General Work JobsDomestic WorkFacilities Maintenance & RepairPersonal Care & Beauty ServicesAll Government & Defense JobsAir ForceArmyEmergency ResponseLocal GovernmentNational GovernmentNavyPolice & CorrectionsPlanning & Public PolicySecurity/Protective ServicesAll Healthcare JobsAmbulance/ParamedicalChiropractic & OsteopathyClinical/Medical ResearchDentalEnvironmental HealthGeneral PracticeHealthcare ManagementMedical AdministrationMedical Radiology & SonographyMedical SpecialistsMedical TranscriptionNatural Therapies & Alternative MedicineNursing - Aged CareNursing - Community, Maternal & ChildNursing - Critical Care/Emergency/ICUNursing - EducationNursing - General & SurgicalNursing - High AcuityNursing - ManagementNursing - Midwifery & NeonatalNursing - Operating RoomNursing - PediatricNursing - Psychiatric, Forensic & CorrectionalNutrition & DieteticsOptical, Optometry & OphthalmologyPathologyPharmaceuticals & Medical DevicesPharmacyPhysical & Occupational TherapyPsychology, Counseling & Social WorkResidents & RegistrarsSpeech TherapyAll Hospitality & Tourism JobsAirlines & CruisesFood Production & ServicesFront Desk/Office & Guest ServicesGaming & CasinosHotel ManagementHousekeeping & JanitorialReservations & TicketingRestaurant ManagementTourism & Tour GuidesTravel Agents/ConsultantsAll Human Resources & Recruitment JobsCompensation & BenefitsConsulting & ManagementIndustrial & Employee RelationsIndustrial & Employee RelationsOccupational Safety & HealthOrganizational DevelopmentRecruitmentHuman Resource Training & DevelopmentAll Information & Communications Technology JobsBusiness/Systems AnalysisComputer Hardware EngineeringComputer OperationIT Consulting/ManagementData/Network EngineeringDatabase Development & AdministrationHelp Desk & IT SupportInteraction DesignIT ArchitectureIT ManagementNetwork & Systems AdministrationNetwork SecuritySEOSoftware Development & ProgrammingSoftware EngineeringTechnical WritingTesting & Quality AssuranceWeb DesignWeb Development & ProgrammingAll Insurance JobsActuarialAssessmentBrokerageFund AdministrationInsurance ClaimsUnderwriting & InvestingRisk Consulting ManagementSuperannuationWorkers CompensationAll Law/Legal Services JobsBanking & Finance LawConstruction LawCorporate & Commercial LawCriminal & Civil LawFamily LawGeneralistInsurance LawIntellectual Property LawLabor LawLaw Clerks & ParalegalsLaw Practice ManagementLegal SecretariesLitigation & Dispute ResolutionPersonal Injury LawReal Estate & Property LawTax LawManufacturing, Transport & Logistics ManagementManufacturing Analysis & ReportingAssembly Line & Process WorkAviationDrivers & CouriersFleet ManagementFreight/Cargo ForwardingImport, Export & CustomsLogistics & Supply Chain ManagementMachine OperationMaterial Requirements Planning & InventoryMaritime & ShippingOperations Management & SupportPattern Making & Garment TechnologyPickers & PackersProcess Control, Instrumentation & DesignProduction Planning & SchedulingPublic Transport and Taxi ServicesPurchasing & ProcurementQuality Control & AssuranceRoad & Rail TransportWarehousing, Storage & DistributionWeldingAll Marketing & Communications JobsBrand ConsultingDigital/Internet MarketingDirect Marketing & CRMEvents ManagementInternal CommunicationsMarketing ManagementMarket Research & AnalysisMarketing Assistants/CoordinatorsProduct Marketing & DevelopmentPublic Relations & Corporate AffairsTrade MarketingAll Mining, Resources & Energy JobsEnvironmental HealthMineral ProcessingMining - Drill & BlastMining - Engineering & MaintenanceMining - Exploration & GeologyMining - ManagementMining - OperationsOil & Gas - DrillingOil & Gas - ExplorationOil & Gas - MaintenanceOil & Gas - OperationsOil & Gas - Production & RefiningPower Generation & DistributionSurveyingAll Real Estate & Property JobsAdministrationReal Estate AnalysisBody Corporate & Facilities ManagementBrokersProperty DevelopmentProperty ValuationSales, Leasing & Property Management - CommercialSales, Leasing & Property Management - ResidentialAll Retail & Consumer Products JobsBuyingRetail ManagementMerchandisingPlanningRetail AssistantsWholesaleAll Sales JobsSales Account/Relationship ManagementSales AnalysisAssociates/CoordinatorsBusiness DevelopmentCorporate SalesSales ManagementPresales & AftersalesRepresentatives/ConsultantsSales AdministrationSales EngineeringAll Sciences JobsActuarial Science & StatisticsBiological & Biomedical SciencesBiotechnology & GeneticsChemistryFood Technology & SafetyGeologyLaboratory ServicesMathematicsModeling & SimulationPhysicsAll Sports, Fitness & Recreation JobsFitness & Personal TrainingRecreationSports Coaching & InstructionPsychiatryPulmonary MedicineRadiation OncologyRadiologyRheumatologySurgeryUrologyVascular MedicineNursingCoal and Non Metal MiningMetal MiningOil and GasSales, Leasing & Property Management - Commercial & ResidentialLogistics, Distribution and DeliveryAccount / Relationship ManagementNeuroscienceSocial ScienceSports ActivitiesRelationship ManagementOffice AssistanceE CommerceArmed ForcesTradingFood Technology & InnovationFood Production & DistributionFood ProcessingCulinaryGastronomyRegulationAll E-Commerce / Internet JobsOnline goods distributionFintech and merchant servicesOnline delivery servicesMarketplace services and advertisingCustomer ServiceE-Procurement (B2B)E-commerceSpecializationThis field is required. 
 Don't show this message again. 
 Submit 
 Workbank uses cookies to customize user experience. By continued use, you agree to our privacy policy and accept our use of such cookies. For further information, click  More info 
 Accept 
